Workbook
Name Akun: [1]SAA!$D$10:$D$46
Name Akun: [1]SAA!$D$10:$D$46
Name Akun: [1]SAA!$D$10:$D$46
Name Akun: [2]SAA!$D$10:$D$46
Name Akun: [1]SAA!$D$10:$D$46
Name Akun: [1]SAA!$D$10:$D$46
Name Akun: [3]SAA!$D$10:$D$46
Name ANGGOTA: #REF!
Name ANGGOTA: #REF!
Name ANGGOTA: #REF!
Name ANGGOTA: #REF!
Name ANGGOTA: '[4]DATA-ANGGOTA'!$D$15:$D$314
Name ANGGOTA: #REF!
Name ANGGOTA: #REF!
Name Bagan: [5]PERKIRAAN!$B$11:$G$121
Name Bagan: [6]PERKIRAAN!$B$11:$G$121
Name Bahan_Makanan: #REF!
Name Bahan_Makanan: #REF!
Name Bahan_Makanan: #REF!
Name cccc: #REF!
Name cccc: #REF!
Name cccc: #REF!
Name cccc: #REF!
Name cccc: #REF!
Name cccc: #REF!
Name cccc: #REF!
Name cccc: #REF!
Name cccc: #REF!
Name cccc: #REF!
Name cccc: #REF!
Name cccc: #REF!
Name Daftar: [1]SAA!$J$10:$J$46
Name Daftar: [1]SAA!$J$10:$J$46
Name Daftar: [1]SAA!$J$10:$J$46
Name Daftar: [2]SAA!$J$10:$J$46
Name Daftar: [1]SAA!$J$10:$J$46
Name Daftar: [1]SAA!$J$10:$J$46
Name Daftar: [3]SAA!$J$10:$J$46
Name Daftar_Rekanan: #REF!
Name Daftar_Rekanan: #REF!
Name Daftar_Rekanan: #REF!
Name Daftar_Rekanan: #REF!
Name Daftar_Rekanan: #REF!
Name Daftar_Rekanan: #REF!
Name Data_Masuk: Masuk!$B$8:$F$812
Name Input: #REF!
Name Input: #REF!
Name Input: #REF!
Name Input: #REF!
Name Input: #REF!
Name Input: #REF!
Name Input: #REF!
Name Input: #REF!
Name Input: #REF!
Name Input: #REF!
Name Input: #REF!
Name Input: #REF!
Name Jenis_Pembayaran: #REF!
Name Jenis_Pembayaran: #REF!
Name Jenis_Pembayaran: #REF!

Sheet Menu
C4: =IF(Setup!C6="","",Setup!C6) -> Input Nama SPPG di sini
K5: versi04@2025
T7: newest
T8: 13/03/26
F9: BUKU KAS UMUM (BKU) | J9: =NOW() -> 46202.88
F11: BP - KAS DI BANK | H11: LP DANA/ANGGARAN | J11: REFERENSI BARANG
D13: SETUP USER | F13: BP - PETTY CASH | H13: SP TANGGUNG JAWAB | J13: SALDO AWAL BARANG
D15: SALDO AWAL BUKU | F15: BP - BAHAN BAKU | H15: BAP SISA DANA | J15: PENERIMAAN BARANG
D17: ANGGARAN | F17: BP - OPERASIONAL | H17: DAFTAR NOMINATIF | J17: PENGELUARAN BARANG
D19: TRANSAKSI | F19: BP - INSENTIF FASILITAS | H19: CATATAN PENGELUARAN | J19: LAPORAN STOCK BARANG

Sheet Sheet7

Sheet Setup
B3: SETUP USER
B5: ITEM | C5: URAIAN
B6: Nama SPPG | C6: Input Nama SPPG di sini
B7: ID SPPG | Z7: Nama Bln | AA7: Nama Akun | AC7: Nama Sheet | AD7: Password
B8: Alamat | Z8: Januari | AA8: ='Saldo Buku'!C10 -> Petty Cash | AC8: Menu | AD8: menu
B9: Nama Kepala SPPG | Z9: Februari | AA9: ='Saldo Buku'!C11 -> Kas di Bank | AC9: Setup | AD9: setup
B10: Nama Akuntan SPPG | Z10: Maret | AA10: ='Saldo Buku'!C13 -> Dana Bantuan Pemerintah | AC10: Saldo Buku | AD10: saldo
B11: Nama Yayasan | Z11: April | AA11: ='Saldo Buku'!C19 -> Biaya Bahan Baku | AC11: Transaksi | AD11: transaksi
B12: Ketua Yayasan/yang mewakili | Z12: Mei | AA12: ='Saldo Buku'!C20 -> Biaya Operasional | AC12: BKU | AD12: bku
B13: Nomor Rekening/VA | Z13: Juni | AA13: ='Saldo Buku'!C21 -> Biaya Insentif Fasilitas | AC13: BP Kas di Bank | AD13: bank
B14: Tahun Anggaran | Z14: Juli | AC14: BP Petty Cash | AD14: petty
B15: Tgl awal periode ini (dd-mm-yyyy; format text) | C15: 05-01-2026 | D15: contoh: '05-01-2026 | Z15: Agustus | AC15: Bahan Baku | AD15: bahan
B16: Tgl akhir periode ini (dd-mm-yyyy; format text) | C16: 17-01-2026 | D16: contoh: '17-01-2026 | Z16: September | AC16: Operasional | AD16: operasional
B17: Awal periode berikutnya (format text) | D17: contoh: '19 Januari 2026 | Z17: Oktober | AC17: Fasilitas | AD17: fasilitas
B18: Tanggal Pelaporan (format text) | D18: contoh: '17 Januari 2026 | Z18: November | AC18: LPA | AD18: lpa
B19: Tempat Pelaporan | Z19: Desember | AC19: SPTJ | AD19: sptj
B20: Nomor LPA | AC20: BAPSD | AD20: bapsd
B21: Nomor BAPSD | AC21: Referensi Brg | AD21: referensi
AC22: Saldo Brg | AD22: brg
AC23: Masuk | AD23: masuk
AC24: Keluar | AD24: keluar
AC25: Stock Brg Detil | AD25: stockd
AC26: Stock Brg Rekap | AD26: stockr

Sheet Saldo Buku
B1: SALDO AWAL BUKU
B3: Nama SPPG | C3: =": "&Setup!C6 -> : Input Nama SPPG di sini
B4: ID SPPG | C4: =": "&Setup!C7 -> :
B5: Alamat | C5: =": "&Setup!C8 -> :
B7: KODE | C7: NAMA AKUN | D7: SALDO AWAL | E7: SALDO AKHIR | F7: CEK SALDO | G7: Saldo Awal | H7: Saldo Akhir
B8: 1000 | C8: BUKU KAS UMUM | D8: 0 | E8: =BKU!I11 -> 0 | F8: BKU | G8: =D8 -> 0 | H8: =E8 -> 0
B9: 1100 | C9: BUKU PEMBANTU KAS | F9: BP Kas | G9: =D10+D11 -> 0 | H9: =E10+E11 -> 0
B10: 1101 | C10: Petty Cash | D10: 0 | E10: =LR!J27 -> 0 | F10: BP Banper | G10: =SUM(D13:D20) -> 0 | H10: =SUM(E13:E20) -> 0
B11: 1102 | C11: Kas di Bank | D11: 0 | E11: =LR!J28 -> 0 | G11: =IF(G8-G9=0,"Oke, Cocok","Tidak Cocok") -> Oke, Cocok | H11: =IF(H8-H9=0,"Oke, Cocok","Tidak Cocok") -> Oke, Cocok
B12: 2000 | C12: BUKU PEMBANTU JENIS DANA | G12: =IF(G8-G10=0,"Oke, Cocok","Tidak Cocok") -> Oke, Cocok | H12: =IF(H8-H10=0,"Oke, Cocok","Tidak Cocok") -> Oke, Cocok
B13: 2110 | C13: Dana Bantuan Pemerintah | D13: 0 | E13: =LR!K28 -> 0 | F13: INGAT: isi angka hanya di sel warna kuning
B14: 2120 | C14: Pungutan/Setoran PPN | D14: 0 | E14: 0
B15: 2130 | C15: Pungutan/Setoran PPh 21 | D15: 0 | E15: 0
B16: 2140 | C16: Pungutan/Setoran PPh 22 | D16: 0 | E16: 0
B17: 2150 | C17: Pungutan/Setoran PPh 23 | D17: 0 | E17: 0
B18: 2160 | C18: Pungutan/Setoran PPh pasal 4 ayat (2) | D18: 0 | E18: 0
B19: 2120 | C19: Biaya Bahan Baku | D19: 0 | E19: 0
B20: 2130 | C20: Biaya Operasional | D20: 0 | E20: 0
B21: 2140 | C21: Biaya Insentif Fasilitas | D21: 0 | E21: 0
B22: 2122 | C22: Biaya Lainnya | D22: 0 | E22: =[7]LR!J23 -> 0
F26: Saldo BKU = petty cash/cash in hand + Kas di Bank
F27: Saldo BKU = Saldo Bantuan Pemerintah

Sheet Anggaran
C2: 1. ANGGARAN BAHAN MAKANAN | X2: 2. ANGGARAN OPERASIONAL | AF2: 3. ANGGARAN INSENTIF FASILITAS
C3: Hari/Tanggal | D3: Jumlah Paket MBG | E3: Balita | F3: PAUD/ TK/RA | G3: SD/MI 1-3 | H3: SD/MI 4-6 | I3: SMP/ MTs | J3: SMA/ MA/ SMK | K3: SLB | L3: Santri | M3: Pend/ TK | N3: Bumil | O3: Busui | P3: Lain nya | Q3: Harga Satuan Paket MBG | R3: Harga Satuan Paket MBG2 | S3: Rencana Anggaran Biaya (RAB) | T3: Aktual | U3: Selisih | V3: Keterangan | X3: Hari/Tanggal | Y3: Jumlah Paket MBG | Z3: Harga Satuan Paket MBG | AA3: Rencana Anggaran Biaya (RAB) | AB3: Aktual | AC3: Selisih | AD3: Keterangan | AF3: Hari/Tanggal | AG3: Jumlah Paket MBG | AH3: Harga Satuan Paket MBG | AI3: Rencana Anggaran Biaya (RAB) | AJ3: Aktual | AK3: Selisih | AL3: Keterangan
C4: =Setup!C15 -> 05-01-2026 | D4: =SUM(Anggaran_BM[[#This Row],[Balita]:[Santri]]) -> 0 | Q4: 8000 | R4: 10000 | S4: =(Anggaran_BM[[#This Row],[Balita]]+Anggaran_BM[[#This Row],[PAUD/ TK/RA]]+Anggaran_BM[[#This Row],[SD/MI 1-3]])*Anggaran_BM[[#This Row],[Harga Satuan Paket MBG]]+(Anggaran_BM[[#This Row],[SD/MI 4-6]]+Anggaran_BM[[#This Row],[SMP/ MTs]]+Anggaran_BM[[#This Row],[SMA/ MA/ SMK]]+Anggaran_BM[[#This Row],[SLB]]+Anggaran_BM[[#This Row],[Santri]]+Anggaran_BM[[#This Row],[Pend/ TK]]+Anggaran_BM[[#This Row],[Bumil]]+Anggaran_BM[[#This Row],[Busui]]+Anggaran_BM[[#This Row],[Lain nya]])*Anggaran_BM[[#This Row],[Harga Satuan Paket MBG2]] -> 0 | U4: =Anggaran_BM[[#This Row],[Rencana Anggaran Biaya (RAB)]]-Anggaran_BM[[#This Row],[Aktual]] -> 0 | X4: =Anggaran_BM[[#This Row],[Hari/Tanggal]] -> 05-01-2026 | AA4: 0 | AC4: =Anggaran_Ops[[#This Row],[Rencana Anggaran Biaya (RAB)]]-Anggaran_Ops[[#This Row],[Aktual]] -> 0 | AF4: =Anggaran_BM[[#This Row],[Hari/Tanggal]] -> 05-01-2026 | AG4: 3000 | AH4: 2000 | AI4: =Anggaran_SM[[#This Row],[Jumlah Paket MBG]]*Anggaran_SM[[#This Row],[Harga Satuan Paket MBG]] -> 6000000 | AK4: =Anggaran_SM[[#This Row],[Rencana Anggaran Biaya (RAB)]]-Anggaran_SM[[#This Row],[Aktual]] -> 6000000
C5: =C4+1 -> 46028 | D5: =SUM(Anggaran_BM[[#This Row],[Balita]:[Santri]]) -> 0 | Q5: 8000 | R5: 10000 | S5: =(Anggaran_BM[[#This Row],[Balita]]+Anggaran_BM[[#This Row],[PAUD/ TK/RA]]+Anggaran_BM[[#This Row],[SD/MI 1-3]])*Anggaran_BM[[#This Row],[Harga Satuan Paket MBG]]+(Anggaran_BM[[#This Row],[SD/MI 4-6]]+Anggaran_BM[[#This Row],[SMP/ MTs]]+Anggaran_BM[[#This Row],[SMA/ MA/ SMK]]+Anggaran_BM[[#This Row],[SLB]]+Anggaran_BM[[#This Row],[Santri]]+Anggaran_BM[[#This Row],[Pend/ TK]]+Anggaran_BM[[#This Row],[Bumil]]+Anggaran_BM[[#This Row],[Busui]]+Anggaran_BM[[#This Row],[Lain nya]])*Anggaran_BM[[#This Row],[Harga Satuan Paket MBG2]] -> 0 | U5: =Anggaran_BM[[#This Row],[Rencana Anggaran Biaya (RAB)]]-Anggaran_BM[[#This Row],[Aktual]] -> 0 | X5: =Anggaran_BM[[#This Row],[Hari/Tanggal]] -> 46028 | AA5: 0 | AC5: =Anggaran_Ops[[#This Row],[Rencana Anggaran Biaya (RAB)]]-Anggaran_Ops[[#This Row],[Aktual]] -> 0 | AF5: =Anggaran_BM[[#This Row],[Hari/Tanggal]] -> 46028 | AG5: 3000 | AH5: 2000 | AI5: =Anggaran_SM[[#This Row],[Jumlah Paket MBG]]*Anggaran_SM[[#This Row],[Harga Satuan Paket MBG]] -> 6000000 | AK5: =Anggaran_SM[[#This Row],[Rencana Anggaran Biaya (RAB)]]-Anggaran_SM[[#This Row],[Aktual]] -> 6000000
C6: =C5+1 -> 46029 | D6: =SUM(Anggaran_BM[[#This Row],[Balita]:[Santri]]) -> 0 | Q6: 8000 | R6: 10000 | S6: =(Anggaran_BM[[#This Row],[Balita]]+Anggaran_BM[[#This Row],[PAUD/ TK/RA]]+Anggaran_BM[[#This Row],[SD/MI 1-3]])*Anggaran_BM[[#This Row],[Harga Satuan Paket MBG]]+(Anggaran_BM[[#This Row],[SD/MI 4-6]]+Anggaran_BM[[#This Row],[SMP/ MTs]]+Anggaran_BM[[#This Row],[SMA/ MA/ SMK]]+Anggaran_BM[[#This Row],[SLB]]+Anggaran_BM[[#This Row],[Santri]]+Anggaran_BM[[#This Row],[Pend/ TK]]+Anggaran_BM[[#This Row],[Bumil]]+Anggaran_BM[[#This Row],[Busui]]+Anggaran_BM[[#This Row],[Lain nya]])*Anggaran_BM[[#This Row],[Harga Satuan Paket MBG2]] -> 0 | U6: =Anggaran_BM[[#This Row],[Rencana Anggaran Biaya (RAB)]]-Anggaran_BM[[#This Row],[Aktual]] -> 0 | X6: =Anggaran_BM[[#This Row],[Hari/Tanggal]] -> 46029 | AA6: 0 | AC6: =Anggaran_Ops[[#This Row],[Rencana Anggaran Biaya (RAB)]]-Anggaran_Ops[[#This Row],[Aktual]] -> 0 | AF6: =Anggaran_BM[[#This Row],[Hari/Tanggal]] -> 46029 | AG6: 3000 | AH6: 2000 | AI6: =Anggaran_SM[[#This Row],[Jumlah Paket MBG]]*Anggaran_SM[[#This Row],[Harga Satuan Paket MBG]] -> 6000000 | AK6: =Anggaran_SM[[#This Row],[Rencana Anggaran Biaya (RAB)]]-Anggaran_SM[[#This Row],[Aktual]] -> 6000000
C7: =C6+1 -> 46030 | D7: =SUM(Anggaran_BM[[#This Row],[Balita]:[Santri]]) -> 0 | Q7: 8000 | R7: 10000 | S7: =(Anggaran_BM[[#This Row],[Balita]]+Anggaran_BM[[#This Row],[PAUD/ TK/RA]]+Anggaran_BM[[#This Row],[SD/MI 1-3]])*Anggaran_BM[[#This Row],[Harga Satuan Paket MBG]]+(Anggaran_BM[[#This Row],[SD/MI 4-6]]+Anggaran_BM[[#This Row],[SMP/ MTs]]+Anggaran_BM[[#This Row],[SMA/ MA/ SMK]]+Anggaran_BM[[#This Row],[SLB]]+Anggaran_BM[[#This Row],[Santri]]+Anggaran_BM[[#This Row],[Pend/ TK]]+Anggaran_BM[[#This Row],[Bumil]]+Anggaran_BM[[#This Row],[Busui]]+Anggaran_BM[[#This Row],[Lain nya]])*Anggaran_BM[[#This Row],[Harga Satuan Paket MBG2]] -> 0 | U7: =Anggaran_BM[[#This Row],[Rencana Anggaran Biaya (RAB)]]-Anggaran_BM[[#This Row],[Aktual]] -> 0 | X7: =Anggaran_BM[[#This Row],[Hari/Tanggal]] -> 46030 | AA7: 0 | AC7: =Anggaran_Ops[[#This Row],[Rencana Anggaran Biaya (RAB)]]-Anggaran_Ops[[#This Row],[Aktual]] -> 0 | AF7: =Anggaran_BM[[#This Row],[Hari/Tanggal]] -> 46030 | AG7: 3000 | AH7: 2000 | AI7: =Anggaran_SM[[#This Row],[Jumlah Paket MBG]]*Anggaran_SM[[#This Row],[Harga Satuan Paket MBG]] -> 6000000 | AK7: =Anggaran_SM[[#This Row],[Rencana Anggaran Biaya (RAB)]]-Anggaran_SM[[#This Row],[Aktual]] -> 6000000
C8: =C7+1 -> 46031 | D8: =SUM(Anggaran_BM[[#This Row],[Balita]:[Santri]]) -> 0 | Q8: 8000 | R8: 10000 | S8: =(Anggaran_BM[[#This Row],[Balita]]+Anggaran_BM[[#This Row],[PAUD/ TK/RA]]+Anggaran_BM[[#This Row],[SD/MI 1-3]])*Anggaran_BM[[#This Row],[Harga Satuan Paket MBG]]+(Anggaran_BM[[#This Row],[SD/MI 4-6]]+Anggaran_BM[[#This Row],[SMP/ MTs]]+Anggaran_BM[[#This Row],[SMA/ MA/ SMK]]+Anggaran_BM[[#This Row],[SLB]]+Anggaran_BM[[#This Row],[Santri]]+Anggaran_BM[[#This Row],[Pend/ TK]]+Anggaran_BM[[#This Row],[Bumil]]+Anggaran_BM[[#This Row],[Busui]]+Anggaran_BM[[#This Row],[Lain nya]])*Anggaran_BM[[#This Row],[Harga Satuan Paket MBG2]] -> 0 | U8: =Anggaran_BM[[#This Row],[Rencana Anggaran Biaya (RAB)]]-Anggaran_BM[[#This Row],[Aktual]] -> 0 | X8: =Anggaran_BM[[#This Row],[Hari/Tanggal]] -> 46031 | AA8: 0 | AC8: =Anggaran_Ops[[#This Row],[Rencana Anggaran Biaya (RAB)]]-Anggaran_Ops[[#This Row],[Aktual]] -> 0 | AF8: =Anggaran_BM[[#This Row],[Hari/Tanggal]] -> 46031 | AG8: 3000 | AH8: 2000 | AI8: =Anggaran_SM[[#This Row],[Jumlah Paket MBG]]*Anggaran_SM[[#This Row],[Harga Satuan Paket MBG]] -> 6000000 | AK8: =Anggaran_SM[[#This Row],[Rencana Anggaran Biaya (RAB)]]-Anggaran_SM[[#This Row],[Aktual]] -> 6000000
C9: =C8+1 -> 46032 | D9: =SUM(Anggaran_BM[[#This Row],[Balita]:[Santri]]) -> 0 | Q9: 8000 | R9: 10000 | S9: =(Anggaran_BM[[#This Row],[Balita]]+Anggaran_BM[[#This Row],[PAUD/ TK/RA]]+Anggaran_BM[[#This Row],[SD/MI 1-3]])*Anggaran_BM[[#This Row],[Harga Satuan Paket MBG]]+(Anggaran_BM[[#This Row],[SD/MI 4-6]]+Anggaran_BM[[#This Row],[SMP/ MTs]]+Anggaran_BM[[#This Row],[SMA/ MA/ SMK]]+Anggaran_BM[[#This Row],[SLB]]+Anggaran_BM[[#This Row],[Santri]]+Anggaran_BM[[#This Row],[Pend/ TK]]+Anggaran_BM[[#This Row],[Bumil]]+Anggaran_BM[[#This Row],[Busui]]+Anggaran_BM[[#This Row],[Lain nya]])*Anggaran_BM[[#This Row],[Harga Satuan Paket MBG2]] -> 0 | U9: =Anggaran_BM[[#This Row],[Rencana Anggaran Biaya (RAB)]]-Anggaran_BM[[#This Row],[Aktual]] -> 0 | X9: =Anggaran_BM[[#This Row],[Hari/Tanggal]] -> 46032 | AA9: 0 | AC9: =Anggaran_Ops[[#This Row],[Rencana Anggaran Biaya (RAB)]]-Anggaran_Ops[[#This Row],[Aktual]] -> 0 | AF9: =Anggaran_BM[[#This Row],[Hari/Tanggal]] -> 46032 | AG9: 3000 | AH9: 2000 | AI9: =Anggaran_SM[[#This Row],[Jumlah Paket MBG]]*Anggaran_SM[[#This Row],[Harga Satuan Paket MBG]] -> 6000000 | AK9: =Anggaran_SM[[#This Row],[Rencana Anggaran Biaya (RAB)]]-Anggaran_SM[[#This Row],[Aktual]] -> 6000000
C10: Surplus/Utang | V10: =SUM(U4:U9) -> 0 | X10: Surplus/ Utang | AF10: Surplus/Utang
C11: =C9+2 -> 46034 | D11: =SUM(Anggaran_BM[[#This Row],[Balita]:[Santri]]) -> 0 | Q11: 8000 | R11: 10000 | S11: =(Anggaran_BM[[#This Row],[Balita]]+Anggaran_BM[[#This Row],[PAUD/ TK/RA]]+Anggaran_BM[[#This Row],[SD/MI 1-3]])*Anggaran_BM[[#This Row],[Harga Satuan Paket MBG]]+(Anggaran_BM[[#This Row],[SD/MI 4-6]]+Anggaran_BM[[#This Row],[SMP/ MTs]]+Anggaran_BM[[#This Row],[SMA/ MA/ SMK]]+Anggaran_BM[[#This Row],[SLB]]+Anggaran_BM[[#This Row],[Santri]]+Anggaran_BM[[#This Row],[Pend/ TK]]+Anggaran_BM[[#This Row],[Bumil]]+Anggaran_BM[[#This Row],[Busui]]+Anggaran_BM[[#This Row],[Lain nya]])*Anggaran_BM[[#This Row],[Harga Satuan Paket MBG2]] -> 0 | U11: =Anggaran_BM[[#This Row],[Rencana Anggaran Biaya (RAB)]]-Anggaran_BM[[#This Row],[Aktual]] -> 0 | X11: =Anggaran_BM[[#This Row],[Hari/Tanggal]] -> 46034 | AA11: 0 | AC11: =Anggaran_Ops[[#This Row],[Rencana Anggaran Biaya (RAB)]]-Anggaran_Ops[[#This Row],[Aktual]] -> 0 | AF11: =Anggaran_BM[[#This Row],[Hari/Tanggal]] -> 46034 | AG11: 3000 | AH11: 2000 | AI11: =Anggaran_SM[[#This Row],[Jumlah Paket MBG]]*Anggaran_SM[[#This Row],[Harga Satuan Paket MBG]] -> 6000000 | AK11: =Anggaran_SM[[#This Row],[Rencana Anggaran Biaya (RAB)]]-Anggaran_SM[[#This Row],[Aktual]] -> 6000000
C12: =C11+1 -> 46035 | D12: =SUM(Anggaran_BM[[#This Row],[Balita]:[Santri]]) -> 0 | Q12: 8000 | R12: 10000 | S12: =(Anggaran_BM[[#This Row],[Balita]]+Anggaran_BM[[#This Row],[PAUD/ TK/RA]]+Anggaran_BM[[#This Row],[SD/MI 1-3]])*Anggaran_BM[[#This Row],[Harga Satuan Paket MBG]]+(Anggaran_BM[[#This Row],[SD/MI 4-6]]+Anggaran_BM[[#This Row],[SMP/ MTs]]+Anggaran_BM[[#This Row],[SMA/ MA/ SMK]]+Anggaran_BM[[#This Row],[SLB]]+Anggaran_BM[[#This Row],[Santri]]+Anggaran_BM[[#This Row],[Pend/ TK]]+Anggaran_BM[[#This Row],[Bumil]]+Anggaran_BM[[#This Row],[Busui]]+Anggaran_BM[[#This Row],[Lain nya]])*Anggaran_BM[[#This Row],[Harga Satuan Paket MBG2]] -> 0 | U12: =Anggaran_BM[[#This Row],[Rencana Anggaran Biaya (RAB)]]-Anggaran_BM[[#This Row],[Aktual]] -> 0 | X12: =Anggaran_BM[[#This Row],[Hari/Tanggal]] -> 46035 | AA12: 0 | AC12: =Anggaran_Ops[[#This Row],[Rencana Anggaran Biaya (RAB)]]-Anggaran_Ops[[#This Row],[Aktual]] -> 0 | AF12: =Anggaran_BM[[#This Row],[Hari/Tanggal]] -> 46035 | AG12: 3000 | AH12: 2000 | AI12: =Anggaran_SM[[#This Row],[Jumlah Paket MBG]]*Anggaran_SM[[#This Row],[Harga Satuan Paket MBG]] -> 6000000 | AK12: =Anggaran_SM[[#This Row],[Rencana Anggaran Biaya (RAB)]]-Anggaran_SM[[#This Row],[Aktual]] -> 6000000
C13: =C12+1 -> 46036 | D13: =SUM(Anggaran_BM[[#This Row],[Balita]:[Santri]]) -> 0 | Q13: 8000 | R13: 10000 | S13: =(Anggaran_BM[[#This Row],[Balita]]+Anggaran_BM[[#This Row],[PAUD/ TK/RA]]+Anggaran_BM[[#This Row],[SD/MI 1-3]])*Anggaran_BM[[#This Row],[Harga Satuan Paket MBG]]+(Anggaran_BM[[#This Row],[SD/MI 4-6]]+Anggaran_BM[[#This Row],[SMP/ MTs]]+Anggaran_BM[[#This Row],[SMA/ MA/ SMK]]+Anggaran_BM[[#This Row],[SLB]]+Anggaran_BM[[#This Row],[Santri]]+Anggaran_BM[[#This Row],[Pend/ TK]]+Anggaran_BM[[#This Row],[Bumil]]+Anggaran_BM[[#This Row],[Busui]]+Anggaran_BM[[#This Row],[Lain nya]])*Anggaran_BM[[#This Row],[Harga Satuan Paket MBG2]] -> 0 | U13: =Anggaran_BM[[#This Row],[Rencana Anggaran Biaya (RAB)]]-Anggaran_BM[[#This Row],[Aktual]] -> 0 | X13: =Anggaran_BM[[#This Row],[Hari/Tanggal]] -> 46036 | AA13: 0 | AC13: =Anggaran_Ops[[#This Row],[Rencana Anggaran Biaya (RAB)]]-Anggaran_Ops[[#This Row],[Aktual]] -> 0 | AF13: =Anggaran_BM[[#This Row],[Hari/Tanggal]] -> 46036 | AG13: 3000 | AH13: 2000 | AI13: =Anggaran_SM[[#This Row],[Jumlah Paket MBG]]*Anggaran_SM[[#This Row],[Harga Satuan Paket MBG]] -> 6000000 | AK13: =Anggaran_SM[[#This Row],[Rencana Anggaran Biaya (RAB)]]-Anggaran_SM[[#This Row],[Aktual]] -> 6000000
C14: =C13+1 -> 46037 | D14: =SUM(Anggaran_BM[[#This Row],[Balita]:[Santri]]) -> 0 | Q14: 8000 | R14: 10000 | S14: =(Anggaran_BM[[#This Row],[Balita]]+Anggaran_BM[[#This Row],[PAUD/ TK/RA]]+Anggaran_BM[[#This Row],[SD/MI 1-3]])*Anggaran_BM[[#This Row],[Harga Satuan Paket MBG]]+(Anggaran_BM[[#This Row],[SD/MI 4-6]]+Anggaran_BM[[#This Row],[SMP/ MTs]]+Anggaran_BM[[#This Row],[SMA/ MA/ SMK]]+Anggaran_BM[[#This Row],[SLB]]+Anggaran_BM[[#This Row],[Santri]]+Anggaran_BM[[#This Row],[Pend/ TK]]+Anggaran_BM[[#This Row],[Bumil]]+Anggaran_BM[[#This Row],[Busui]]+Anggaran_BM[[#This Row],[Lain nya]])*Anggaran_BM[[#This Row],[Harga Satuan Paket MBG2]] -> 0 | U14: =Anggaran_BM[[#This Row],[Rencana Anggaran Biaya (RAB)]]-Anggaran_BM[[#This Row],[Aktual]] -> 0 | X14: =Anggaran_BM[[#This Row],[Hari/Tanggal]] -> 46037 | AA14: 0 | AC14: =Anggaran_Ops[[#This Row],[Rencana Anggaran Biaya (RAB)]]-Anggaran_Ops[[#This Row],[Aktual]] -> 0 | AF14: =Anggaran_BM[[#This Row],[Hari/Tanggal]] -> 46037 | AG14: 3000 | AH14: 2000 | AI14: =Anggaran_SM[[#This Row],[Jumlah Paket MBG]]*Anggaran_SM[[#This Row],[Harga Satuan Paket MBG]] -> 6000000 | AK14: =Anggaran_SM[[#This Row],[Rencana Anggaran Biaya (RAB)]]-Anggaran_SM[[#This Row],[Aktual]] -> 6000000
C15: =C14+1 -> 46038 | D15: =SUM(Anggaran_BM[[#This Row],[Balita]:[Santri]]) -> 0 | Q15: 8000 | R15: 10000 | S15: =(Anggaran_BM[[#This Row],[Balita]]+Anggaran_BM[[#This Row],[PAUD/ TK/RA]]+Anggaran_BM[[#This Row],[SD/MI 1-3]])*Anggaran_BM[[#This Row],[Harga Satuan Paket MBG]]+(Anggaran_BM[[#This Row],[SD/MI 4-6]]+Anggaran_BM[[#This Row],[SMP/ MTs]]+Anggaran_BM[[#This Row],[SMA/ MA/ SMK]]+Anggaran_BM[[#This Row],[SLB]]+Anggaran_BM[[#This Row],[Santri]]+Anggaran_BM[[#This Row],[Pend/ TK]]+Anggaran_BM[[#This Row],[Bumil]]+Anggaran_BM[[#This Row],[Busui]]+Anggaran_BM[[#This Row],[Lain nya]])*Anggaran_BM[[#This Row],[Harga Satuan Paket MBG2]] -> 0 | U15: =Anggaran_BM[[#This Row],[Rencana Anggaran Biaya (RAB)]]-Anggaran_BM[[#This Row],[Aktual]] -> 0 | X15: =Anggaran_BM[[#This Row],[Hari/Tanggal]] -> 46038 | AA15: 0 | AC15: =Anggaran_Ops[[#This Row],[Rencana Anggaran Biaya (RAB)]]-Anggaran_Ops[[#This Row],[Aktual]] -> 0 | AF15: =Anggaran_BM[[#This Row],[Hari/Tanggal]] -> 46038 | AG15: 3000 | AH15: 2000 | AI15: =Anggaran_SM[[#This Row],[Jumlah Paket MBG]]*Anggaran_SM[[#This Row],[Harga Satuan Paket MBG]] -> 6000000 | AK15: =Anggaran_SM[[#This Row],[Rencana Anggaran Biaya (RAB)]]-Anggaran_SM[[#This Row],[Aktual]] -> 6000000
C16: =C15+1 -> 46039 | D16: =SUM(Anggaran_BM[[#This Row],[Balita]:[Santri]]) -> 0 | Q16: 8000 | R16: 10000 | S16: =(Anggaran_BM[[#This Row],[Balita]]+Anggaran_BM[[#This Row],[PAUD/ TK/RA]]+Anggaran_BM[[#This Row],[SD/MI 1-3]])*Anggaran_BM[[#This Row],[Harga Satuan Paket MBG]]+(Anggaran_BM[[#This Row],[SD/MI 4-6]]+Anggaran_BM[[#This Row],[SMP/ MTs]]+Anggaran_BM[[#This Row],[SMA/ MA/ SMK]]+Anggaran_BM[[#This Row],[SLB]]+Anggaran_BM[[#This Row],[Santri]]+Anggaran_BM[[#This Row],[Pend/ TK]]+Anggaran_BM[[#This Row],[Bumil]]+Anggaran_BM[[#This Row],[Busui]]+Anggaran_BM[[#This Row],[Lain nya]])*Anggaran_BM[[#This Row],[Harga Satuan Paket MBG2]] -> 0 | U16: =Anggaran_BM[[#This Row],[Rencana Anggaran Biaya (RAB)]]-Anggaran_BM[[#This Row],[Aktual]] -> 0 | X16: =Anggaran_BM[[#This Row],[Hari/Tanggal]] -> 46039 | AA16: 0 | AC16: =Anggaran_Ops[[#This Row],[Rencana Anggaran Biaya (RAB)]]-Anggaran_Ops[[#This Row],[Aktual]] -> 0 | AF16: =Anggaran_BM[[#This Row],[Hari/Tanggal]] -> 46039 | AG16: 3000 | AH16: 2000 | AI16: =Anggaran_SM[[#This Row],[Jumlah Paket MBG]]*Anggaran_SM[[#This Row],[Harga Satuan Paket MBG]] -> 6000000 | AK16: =Anggaran_SM[[#This Row],[Rencana Anggaran Biaya (RAB)]]-Anggaran_SM[[#This Row],[Aktual]] -> 6000000
C17: Surplus/Utang | G17: =634+48 -> 682 | H17: =517+577 -> 1094 | I17: =75+74 -> 149 | V17: =SUM(U11:U16) -> 0 | X17: Surplus/Utang | AF17: Surplus/Utang
C18: Total | D18: =SUM(D4:D16) -> 0 | E18: =SUM(E4:E16) -> 0 | F18: =SUM(F4:F16) -> 0 | G18: =SUM(G4:G16) -> 0 | H18: =SUM(H4:H16) -> 0 | I18: =SUM(I4:I16) -> 0 | J18: =SUM(J4:J16) -> 0 | K18: =SUM(K4:K16) -> 0 | L18: =SUM(L4:L16) -> 0 | R18: - | S18: =SUM(S4:S16) -> 0 | T18: =SUBTOTAL(109,Anggaran_BM[Aktual]) -> 0 | U18: =SUBTOTAL(109,Anggaran_BM[Selisih]) -> 0 | X18: Total | AA18: =SUM(AA4:AA16) -> 0 | AB18: =SUBTOTAL(109,Anggaran_Ops[Aktual]) -> 0 | AC18: =SUM(AC4:AC16) -> 0 | AF18: Total | AG18: =SUM(AG4:AG16) -> 36000 | AH18: - | AI18: =SUM(AI4:AI16) -> 72000000 | AJ18: =SUM(AJ4:AJ16) -> 0 | AK18: =SUBTOTAL(109,Anggaran_SM[Selisih]) -> 72000000

Sheet Transaksi
C3: =IF(Setup!C6="","Nama SPPG.....",Setup!C6) -> Input Nama SPPG di sini
C4: INPUT DATA TRANSAKSI
C5: ="Periode : "&Setup!C15&" s.d. "&Setup!C16 -> Periode : 05-01-2026 s.d. 17-01-2026
C7: Daftar Kode Transaksi
C9: Tanggal (dd-mm-yyyy) | E9: Nomor Bukti | F9: Uraian Transaksi | G9: Debet (D) | H9: Kredit (K) | I9: Jenis Buku Pembantu | J9: Jika (D), masuk ke mana?, Jika (K), keluar dari mana? | K9: Akun Penerimaan/Pengeluaran | N9: Akun Kas | Q9: Catatan Pengeluaran | R9: Catatan Pengeluaran
A10: ROW | C10: 1 | E10: 2 | F10: 3 | G10: 4 | H10: 5 | I10: 6 | J10: 7 | K10: AKUN | L10: Debet | M10: Kredit | N10: AKUN | O10: Debet | P10: Kredit | Q10: Kredit | R10: Debet | W10: ROW
A11: =ROW() -> 11 | K11: =IF(I11="",0,I11) -> 0 | L11: =IF(H11=0,0,H11) -> 0 | M11: =IF(G11=0,0,G11) -> 0 | N11: =IF(J11="","",J11) | O11: =IF(G11=0,0,G11) -> 0 | P11: =IF(H11=0,0,H11) -> 0 | Q11: =IF(I11="Biaya Bahan Baku",H11,IF(I11="Biaya Operasional",H11,IF(I11="Biaya Insentif Fasilitas",H11,""))) | R11: =IF(I11="Dana Bantuan Pemerintah",G11,"") | S11: =IF(I11="Dana Bahan Baku","Bahan Baku",IF(I11="Biaya Bahan Baku","Bahan Baku",IF(I11="Dana Operasional","Operasional",IF(I11="Biaya Operasional","Operasional","")))) | T11: =IF(I11="Dana Insentif Fasilitas","Insentif Fasilitas",IF(I11="Biaya Insentif Fasilitas","Insentif Fasilitas","")) | U11: =IF(S11="",T11,S11) | V11: =IF(I11="Biaya Bahan Baku","Belanja",IF(I11="Biaya Operasional","Belanja",IF(I11="Biaya Insentif Fasilitas","Belanja",""))) | W11: =ROW() -> 11
A12: =ROW() -> 12 | K12: =IF(I12="",0,I12) -> 0 | L12: =IF(H12=0,0,H12) -> 0 | M12: =IF(G12=0,0,G12) -> 0 | N12: =IF(J12="","",J12) | O12: =IF(G12=0,0,G12) -> 0 | P12: =IF(H12=0,0,H12) -> 0 | Q12: =IF(I12="Biaya Bahan Baku",H12,IF(I12="Biaya Operasional",H12,IF(I12="Biaya Insentif Fasilitas",H12,""))) | R12: =IF(I12="Dana Bantuan Pemerintah",G12,"") | S12: =IF(I12="Dana Bahan Baku","Bahan Baku",IF(I12="Biaya Bahan Baku","Bahan Baku",IF(I12="Dana Operasional","Operasional",IF(I12="Biaya Operasional","Operasional","")))) | T12: =IF(I12="Dana Insentif Fasilitas","Insentif Fasilitas",IF(I12="Biaya Insentif Fasilitas","Insentif Fasilitas","")) | U12: =IF(S12="",T12,S12) | V12: =IF(I12="Biaya Bahan Baku","Belanja",IF(I12="Biaya Operasional","Belanja",IF(I12="Biaya Insentif Fasilitas","Belanja",""))) | W12: =ROW() -> 12
A13: =ROW() -> 13 | K13: =IF(I13="",0,I13) -> 0 | L13: =IF(H13=0,0,H13) -> 0 | M13: =IF(G13=0,0,G13) -> 0 | N13: =IF(J13="","",J13) | O13: =IF(G13=0,0,G13) -> 0 | P13: =IF(H13=0,0,H13) -> 0 | Q13: =IF(I13="Biaya Bahan Baku",H13,IF(I13="Biaya Operasional",H13,IF(I13="Biaya Insentif Fasilitas",H13,""))) | R13: =IF(I13="Dana Bantuan Pemerintah",G13,"") | S13: =IF(I13="Dana Bahan Baku","Bahan Baku",IF(I13="Biaya Bahan Baku","Bahan Baku",IF(I13="Dana Operasional","Operasional",IF(I13="Biaya Operasional","Operasional","")))) | T13: =IF(I13="Dana Insentif Fasilitas","Insentif Fasilitas",IF(I13="Biaya Insentif Fasilitas","Insentif Fasilitas","")) | U13: =IF(S13="",T13,S13) | V13: =IF(I13="Biaya Bahan Baku","Belanja",IF(I13="Biaya Operasional","Belanja",IF(I13="Biaya Insentif Fasilitas","Belanja",""))) | W13: =ROW() -> 13
A14: =ROW() -> 14 | K14: =IF(I14="",0,I14) -> 0 | L14: =IF(H14=0,0,H14) -> 0 | M14: =IF(G14=0,0,G14) -> 0 | N14: =IF(J14="","",J14) | O14: =IF(G14=0,0,G14) -> 0 | P14: =IF(H14=0,0,H14) -> 0 | Q14: =IF(I14="Biaya Bahan Baku",H14,IF(I14="Biaya Operasional",H14,IF(I14="Biaya Insentif Fasilitas",H14,""))) | R14: =IF(I14="Dana Bantuan Pemerintah",G14,"") | S14: =IF(I14="Dana Bahan Baku","Bahan Baku",IF(I14="Biaya Bahan Baku","Bahan Baku",IF(I14="Dana Operasional","Operasional",IF(I14="Biaya Operasional","Operasional","")))) | T14: =IF(I14="Dana Insentif Fasilitas","Insentif Fasilitas",IF(I14="Biaya Insentif Fasilitas","Insentif Fasilitas","")) | U14: =IF(S14="",T14,S14) | V14: =IF(I14="Biaya Bahan Baku","Belanja",IF(I14="Biaya Operasional","Belanja",IF(I14="Biaya Insentif Fasilitas","Belanja",""))) | W14: =ROW() -> 14
A15: =ROW() -> 15 | K15: =IF(I15="",0,I15) -> 0 | L15: =IF(H15=0,0,H15) -> 0 | M15: =IF(G15=0,0,G15) -> 0 | N15: =IF(J15="","",J15) | O15: =IF(G15=0,0,G15) -> 0 | P15: =IF(H15=0,0,H15) -> 0 | Q15: =IF(I15="Biaya Bahan Baku",H15,IF(I15="Biaya Operasional",H15,IF(I15="Biaya Insentif Fasilitas",H15,""))) | R15: =IF(I15="Dana Bantuan Pemerintah",G15,"") | S15: =IF(I15="Dana Bahan Baku","Bahan Baku",IF(I15="Biaya Bahan Baku","Bahan Baku",IF(I15="Dana Operasional","Operasional",IF(I15="Biaya Operasional","Operasional","")))) | T15: =IF(I15="Dana Insentif Fasilitas","Insentif Fasilitas",IF(I15="Biaya Insentif Fasilitas","Insentif Fasilitas","")) | U15: =IF(S15="",T15,S15) | V15: =IF(I15="Biaya Bahan Baku","Belanja",IF(I15="Biaya Operasional","Belanja",IF(I15="Biaya Insentif Fasilitas","Belanja",""))) | W15: =ROW() -> 15
A16: =ROW() -> 16 | K16: =IF(I16="",0,I16) -> 0 | L16: =IF(H16=0,0,H16) -> 0 | M16: =IF(G16=0,0,G16) -> 0 | N16: =IF(J16="","",J16) | O16: =IF(G16=0,0,G16) -> 0 | P16: =IF(H16=0,0,H16) -> 0 | Q16: =IF(I16="Biaya Bahan Baku",H16,IF(I16="Biaya Operasional",H16,IF(I16="Biaya Insentif Fasilitas",H16,""))) | R16: =IF(I16="Dana Bantuan Pemerintah",G16,"") | S16: =IF(I16="Dana Bahan Baku","Bahan Baku",IF(I16="Biaya Bahan Baku","Bahan Baku",IF(I16="Dana Operasional","Operasional",IF(I16="Biaya Operasional","Operasional","")))) | T16: =IF(I16="Dana Insentif Fasilitas","Insentif Fasilitas",IF(I16="Biaya Insentif Fasilitas","Insentif Fasilitas","")) | U16: =IF(S16="",T16,S16) | V16: =IF(I16="Biaya Bahan Baku","Belanja",IF(I16="Biaya Operasional","Belanja",IF(I16="Biaya Insentif Fasilitas","Belanja",""))) | W16: =ROW() -> 16
A17: =ROW() -> 17 | K17: =IF(I17="",0,I17) -> 0 | L17: =IF(H17=0,0,H17) -> 0 | M17: =IF(G17=0,0,G17) -> 0 | N17: =IF(J17="","",J17) | O17: =IF(G17=0,0,G17) -> 0 | P17: =IF(H17=0,0,H17) -> 0 | Q17: =IF(I17="Biaya Bahan Baku",H17,IF(I17="Biaya Operasional",H17,IF(I17="Biaya Insentif Fasilitas",H17,""))) | R17: =IF(I17="Dana Bantuan Pemerintah",G17,"") | S17: =IF(I17="Dana Bahan Baku","Bahan Baku",IF(I17="Biaya Bahan Baku","Bahan Baku",IF(I17="Dana Operasional","Operasional",IF(I17="Biaya Operasional","Operasional","")))) | T17: =IF(I17="Dana Insentif Fasilitas","Insentif Fasilitas",IF(I17="Biaya Insentif Fasilitas","Insentif Fasilitas","")) | U17: =IF(S17="",T17,S17) | V17: =IF(I17="Biaya Bahan Baku","Belanja",IF(I17="Biaya Operasional","Belanja",IF(I17="Biaya Insentif Fasilitas","Belanja",""))) | W17: =ROW() -> 17
A18: =ROW() -> 18 | K18: =IF(I18="",0,I18) -> 0 | L18: =IF(H18=0,0,H18) -> 0 | M18: =IF(G18=0,0,G18) -> 0 | N18: =IF(J18="","",J18) | O18: =IF(G18=0,0,G18) -> 0 | P18: =IF(H18=0,0,H18) -> 0 | Q18: =IF(I18="Biaya Bahan Baku",H18,IF(I18="Biaya Operasional",H18,IF(I18="Biaya Insentif Fasilitas",H18,""))) | R18: =IF(I18="Dana Bantuan Pemerintah",G18,"") | S18: =IF(I18="Dana Bahan Baku","Bahan Baku",IF(I18="Biaya Bahan Baku","Bahan Baku",IF(I18="Dana Operasional","Operasional",IF(I18="Biaya Operasional","Operasional","")))) | T18: =IF(I18="Dana Insentif Fasilitas","Insentif Fasilitas",IF(I18="Biaya Insentif Fasilitas","Insentif Fasilitas","")) | U18: =IF(S18="",T18,S18) | V18: =IF(I18="Biaya Bahan Baku","Belanja",IF(I18="Biaya Operasional","Belanja",IF(I18="Biaya Insentif Fasilitas","Belanja",""))) | W18: =ROW() -> 18
A19: =ROW() -> 19 | K19: =IF(I19="",0,I19) -> 0 | L19: =IF(H19=0,0,H19) -> 0 | M19: =IF(G19=0,0,G19) -> 0 | N19: =IF(J19="","",J19) | O19: =IF(G19=0,0,G19) -> 0 | P19: =IF(H19=0,0,H19) -> 0 | Q19: =IF(I19="Biaya Bahan Baku",H19,IF(I19="Biaya Operasional",H19,IF(I19="Biaya Insentif Fasilitas",H19,""))) | R19: =IF(I19="Dana Bantuan Pemerintah",G19,"") | S19: =IF(I19="Dana Bahan Baku","Bahan Baku",IF(I19="Biaya Bahan Baku","Bahan Baku",IF(I19="Dana Operasional","Operasional",IF(I19="Biaya Operasional","Operasional","")))) | T19: =IF(I19="Dana Insentif Fasilitas","Insentif Fasilitas",IF(I19="Biaya Insentif Fasilitas","Insentif Fasilitas","")) | U19: =IF(S19="",T19,S19) | V19: =IF(I19="Biaya Bahan Baku","Belanja",IF(I19="Biaya Operasional","Belanja",IF(I19="Biaya Insentif Fasilitas","Belanja",""))) | W19: =ROW() -> 19
A20: =ROW() -> 20 | K20: =IF(I20="",0,I20) -> 0 | L20: =IF(H20=0,0,H20) -> 0 | M20: =IF(G20=0,0,G20) -> 0 | N20: =IF(J20="","",J20) | O20: =IF(G20=0,0,G20) -> 0 | P20: =IF(H20=0,0,H20) -> 0 | Q20: =IF(I20="Biaya Bahan Baku",H20,IF(I20="Biaya Operasional",H20,IF(I20="Biaya Insentif Fasilitas",H20,""))) | R20: =IF(I20="Dana Bantuan Pemerintah",G20,"") | S20: =IF(I20="Dana Bahan Baku","Bahan Baku",IF(I20="Biaya Bahan Baku","Bahan Baku",IF(I20="Dana Operasional","Operasional",IF(I20="Biaya Operasional","Operasional","")))) | T20: =IF(I20="Dana Insentif Fasilitas","Insentif Fasilitas",IF(I20="Biaya Insentif Fasilitas","Insentif Fasilitas","")) | U20: =IF(S20="",T20,S20) | V20: =IF(I20="Biaya Bahan Baku","Belanja",IF(I20="Biaya Operasional","Belanja",IF(I20="Biaya Insentif Fasilitas","Belanja",""))) | W20: =ROW() -> 20
A21: =ROW() -> 21 | K21: =IF(I21="",0,I21) -> 0 | L21: =IF(H21=0,0,H21) -> 0 | M21: =IF(G21=0,0,G21) -> 0 | N21: =IF(J21="","",J21) | O21: =IF(G21=0,0,G21) -> 0 | P21: =IF(H21=0,0,H21) -> 0 | Q21: =IF(I21="Biaya Bahan Baku",H21,IF(I21="Biaya Operasional",H21,IF(I21="Biaya Insentif Fasilitas",H21,""))) | R21: =IF(I21="Dana Bantuan Pemerintah",G21,"") | S21: =IF(I21="Dana Bahan Baku","Bahan Baku",IF(I21="Biaya Bahan Baku","Bahan Baku",IF(I21="Dana Operasional","Operasional",IF(I21="Biaya Operasional","Operasional","")))) | T21: =IF(I21="Dana Insentif Fasilitas","Insentif Fasilitas",IF(I21="Biaya Insentif Fasilitas","Insentif Fasilitas","")) | U21: =IF(S21="",T21,S21) | V21: =IF(I21="Biaya Bahan Baku","Belanja",IF(I21="Biaya Operasional","Belanja",IF(I21="Biaya Insentif Fasilitas","Belanja",""))) | W21: =ROW() -> 21
A22: =ROW() -> 22 | K22: =IF(I22="",0,I22) -> 0 | L22: =IF(H22=0,0,H22) -> 0 | M22: =IF(G22=0,0,G22) -> 0 | N22: =IF(J22="","",J22) | O22: =IF(G22=0,0,G22) -> 0 | P22: =IF(H22=0,0,H22) -> 0 | Q22: =IF(I22="Biaya Bahan Baku",H22,IF(I22="Biaya Operasional",H22,IF(I22="Biaya Insentif Fasilitas",H22,""))) | R22: =IF(I22="Dana Bantuan Pemerintah",G22,"") | S22: =IF(I22="Dana Bahan Baku","Bahan Baku",IF(I22="Biaya Bahan Baku","Bahan Baku",IF(I22="Dana Operasional","Operasional",IF(I22="Biaya Operasional","Operasional","")))) | T22: =IF(I22="Dana Insentif Fasilitas","Insentif Fasilitas",IF(I22="Biaya Insentif Fasilitas","Insentif Fasilitas","")) | U22: =IF(S22="",T22,S22) | V22: =IF(I22="Biaya Bahan Baku","Belanja",IF(I22="Biaya Operasional","Belanja",IF(I22="Biaya Insentif Fasilitas","Belanja",""))) | W22: =ROW() -> 22
... A1010: =ROW() -> 1010 | K1010: =IF(I1010="",0,I1010) -> 0 | L1010: =IF(H1010=0,0,H1010) -> 0 | M1010: =IF(G1010=0,0,G1010) -> 0 | N1010: =IF(J1010="","",J1010) | O1010: =IF(G1010=0,0,G1010) -> 0 | P1010: =IF(H1010=0,0,H1010) -> 0 | Q1010: =IF(I1010="Biaya Bahan Baku",H1010,IF(I1010="Biaya Operasional",H1010,IF(I1010="Biaya Insentif Fasilitas",H1010,""))) | R1010: =IF(I1010="Dana Bantuan Pemerintah",G1010,"") | S1010: =IF(I1010="Dana Bahan Baku","Bahan Baku",IF(I1010="Biaya Bahan Baku","Bahan Baku",IF(I1010="Dana Operasional","Operasional",IF(I1010="Biaya Operasional","Operasional","")))) | T1010: =IF(I1010="Dana Insentif Fasilitas","Insentif Fasilitas",IF(I1010="Biaya Insentif Fasilitas","Insentif Fasilitas","")) | U1010: =IF(S1010="",T1010,S1010) | V1010: =IF(I1010="Biaya Bahan Baku","Belanja",IF(I1010="Biaya Operasional","Belanja",IF(I1010="Biaya Insentif Fasilitas","Belanja",""))) | W1010: =ROW() -> 1010
A1011: xx | K1011: =IF(I1011="",0,I1011) -> 0 | L1011: =IF(H1011=0,0,H1011) -> 0 | M1011: =IF(G1011=0,0,G1011) -> 0 | N1011: =IF(J1011="","",J1011) | O1011: =IF(G1011=0,0,G1011) -> 0 | P1011: =IF(H1011=0,0,H1011) -> 0 | Q1011: =IF(I1011="Biaya Bahan Baku",H1011,IF(I1011="Biaya Operasional",H1011,IF(I1011="Biaya Insentif Fasilitas",H1011,""))) | R1011: =IF(I1011="Dana Bantuan Pemerintah",G1011,"") | S1011: =IF(I1011="Dana Bahan Baku","Bahan Baku",IF(I1011="Biaya Bahan Baku","Bahan Baku",IF(I1011="Dana Operasional","Operasional",IF(I1011="Biaya Operasional","Operasional","")))) | T1011: =IF(I1011="Dana Insentif Fasilitas","Insentif Fasilitas",IF(I1011="Biaya Insentif Fasilitas","Insentif Fasilitas","")) | U1011: =IF(S1011="",T1011,S1011) | V1011: =IF(I1011="Biaya Bahan Baku","Belanja",IF(I1011="Biaya Operasional","Belanja",IF(I1011="Biaya Insentif Fasilitas","Belanja",""))) | W1011: =ROW() -> 1011
K1012: =IF(I1012="",0,I1012) -> 0 | L1012: =IF(H1012=0,0,H1012) -> 0 | M1012: =IF(G1012=0,0,G1012) -> 0 | N1012: =IF(J1012="","",J1012) | O1012: =IF(G1012=0,0,G1012) -> 0 | P1012: =IF(H1012=0,0,H1012) -> 0 | Q1012: =IF(I1012="Biaya Bahan Baku",H1012,IF(I1012="Biaya Operasional",H1012,IF(I1012="Biaya Insentif Fasilitas",H1012,""))) | R1012: =IF(I1012="Dana Bantuan Pemerintah",G1012,"") | S1012: =IF(I1012="Dana Bahan Baku","Bahan Baku",IF(I1012="Biaya Bahan Baku","Bahan Baku",IF(I1012="Dana Operasional","Operasional",IF(I1012="Biaya Operasional","Operasional","")))) | T1012: =IF(I1012="Dana Insentif Fasilitas","Insentif Fasilitas",IF(I1012="Biaya Insentif Fasilitas","Insentif Fasilitas","")) | U1012: =IF(S1012="",T1012,S1012) | V1012: =IF(I1012="Biaya Bahan Baku","Belanja",IF(I1012="Biaya Operasional","Belanja",IF(I1012="Biaya Insentif Fasilitas","Belanja",""))) | W1012: =ROW() -> 1012
K1013: =IF(I1013="",0,I1013) -> 0 | L1013: =IF(H1013=0,0,H1013) -> 0 | M1013: =IF(G1013=0,0,G1013) -> 0 | N1013: =IF(J1013="","",J1013) | O1013: =IF(G1013=0,0,G1013) -> 0 | P1013: =IF(H1013=0,0,H1013) -> 0 | Q1013: =IF(I1013="Biaya Bahan Baku",H1013,IF(I1013="Biaya Operasional",H1013,IF(I1013="Biaya Insentif Fasilitas",H1013,""))) | R1013: =IF(I1013="Dana Bantuan Pemerintah",G1013,"") | S1013: =IF(I1013="Dana Bahan Baku","Bahan Baku",IF(I1013="Biaya Bahan Baku","Bahan Baku",IF(I1013="Dana Operasional","Operasional",IF(I1013="Biaya Operasional","Operasional","")))) | T1013: =IF(I1013="Dana Insentif Fasilitas","Insentif Fasilitas",IF(I1013="Biaya Insentif Fasilitas","Insentif Fasilitas","")) | U1013: =IF(S1013="",T1013,S1013) | V1013: =IF(I1013="Biaya Bahan Baku","Belanja",IF(I1013="Biaya Operasional","Belanja",IF(I1013="Biaya Insentif Fasilitas","Belanja",""))) | W1013: =ROW() -> 1013
K1014: =IF(I1014="",0,I1014) -> 0 | L1014: =IF(H1014=0,0,H1014) -> 0 | M1014: =IF(G1014=0,0,G1014) -> 0 | N1014: =IF(J1014="","",J1014) | O1014: =IF(G1014=0,0,G1014) -> 0 | P1014: =IF(H1014=0,0,H1014) -> 0 | Q1014: =IF(I1014="Biaya Bahan Baku",H1014,IF(I1014="Biaya Operasional",H1014,IF(I1014="Biaya Insentif Fasilitas",H1014,""))) | R1014: =IF(I1014="Dana Bantuan Pemerintah",G1014,"") | S1014: =IF(I1014="Dana Bahan Baku","Bahan Baku",IF(I1014="Biaya Bahan Baku","Bahan Baku",IF(I1014="Dana Operasional","Operasional",IF(I1014="Biaya Operasional","Operasional","")))) | T1014: =IF(I1014="Dana Insentif Fasilitas","Insentif Fasilitas",IF(I1014="Biaya Insentif Fasilitas","Insentif Fasilitas","")) | U1014: =IF(S1014="",T1014,S1014) | V1014: =IF(I1014="Biaya Bahan Baku","Belanja",IF(I1014="Biaya Operasional","Belanja",IF(I1014="Biaya Insentif Fasilitas","Belanja",""))) | W1014: =ROW() -> 1014
K1015: =IF(I1015="",0,I1015) -> 0 | L1015: =IF(H1015=0,0,H1015) -> 0 | M1015: =IF(G1015=0,0,G1015) -> 0 | N1015: =IF(J1015="","",J1015) | O1015: =IF(G1015=0,0,G1015) -> 0 | P1015: =IF(H1015=0,0,H1015) -> 0 | Q1015: =IF(I1015="Biaya Bahan Baku",H1015,IF(I1015="Biaya Operasional",H1015,IF(I1015="Biaya Insentif Fasilitas",H1015,""))) | R1015: =IF(I1015="Dana Bantuan Pemerintah",G1015,"") | S1015: =IF(I1015="Dana Bahan Baku","Bahan Baku",IF(I1015="Biaya Bahan Baku","Bahan Baku",IF(I1015="Dana Operasional","Operasional",IF(I1015="Biaya Operasional","Operasional","")))) | T1015: =IF(I1015="Dana Insentif Fasilitas","Insentif Fasilitas",IF(I1015="Biaya Insentif Fasilitas","Insentif Fasilitas","")) | U1015: =IF(S1015="",T1015,S1015) | V1015: =IF(I1015="Biaya Bahan Baku","Belanja",IF(I1015="Biaya Operasional","Belanja",IF(I1015="Biaya Insentif Fasilitas","Belanja",""))) | W1015: =ROW() -> 1015
K1016: =IF(I1016="",0,I1016) -> 0 | L1016: =IF(H1016=0,0,H1016) -> 0 | M1016: =IF(G1016=0,0,G1016) -> 0 | N1016: =IF(J1016="","",J1016) | O1016: =IF(G1016=0,0,G1016) -> 0 | P1016: =IF(H1016=0,0,H1016) -> 0 | Q1016: =IF(I1016="Biaya Bahan Baku",H1016,IF(I1016="Biaya Operasional",H1016,IF(I1016="Biaya Insentif Fasilitas",H1016,""))) | R1016: =IF(I1016="Dana Bantuan Pemerintah",G1016,"") | S1016: =IF(I1016="Dana Bahan Baku","Bahan Baku",IF(I1016="Biaya Bahan Baku","Bahan Baku",IF(I1016="Dana Operasional","Operasional",IF(I1016="Biaya Operasional","Operasional","")))) | T1016: =IF(I1016="Dana Insentif Fasilitas","Insentif Fasilitas",IF(I1016="Biaya Insentif Fasilitas","Insentif Fasilitas","")) | U1016: =IF(S1016="",T1016,S1016) | V1016: =IF(I1016="Biaya Bahan Baku","Belanja",IF(I1016="Biaya Operasional","Belanja",IF(I1016="Biaya Insentif Fasilitas","Belanja",""))) | W1016: =ROW() -> 1016
K1017: =IF(I1017="",0,I1017) -> 0 | L1017: =IF(H1017=0,0,H1017) -> 0 | M1017: =IF(G1017=0,0,G1017) -> 0 | N1017: =IF(J1017="","",J1017) | O1017: =IF(G1017=0,0,G1017) -> 0 | P1017: =IF(H1017=0,0,H1017) -> 0 | Q1017: =IF(I1017="Biaya Bahan Baku",H1017,IF(I1017="Biaya Operasional",H1017,IF(I1017="Biaya Insentif Fasilitas",H1017,""))) | R1017: =IF(I1017="Dana Bantuan Pemerintah",G1017,"") | S1017: =IF(I1017="Dana Bahan Baku","Bahan Baku",IF(I1017="Biaya Bahan Baku","Bahan Baku",IF(I1017="Dana Operasional","Operasional",IF(I1017="Biaya Operasional","Operasional","")))) | T1017: =IF(I1017="Dana Insentif Fasilitas","Insentif Fasilitas",IF(I1017="Biaya Insentif Fasilitas","Insentif Fasilitas","")) | U1017: =IF(S1017="",T1017,S1017) | V1017: =IF(I1017="Biaya Bahan Baku","Belanja",IF(I1017="Biaya Operasional","Belanja",IF(I1017="Biaya Insentif Fasilitas","Belanja",""))) | W1017: =ROW() -> 1017
K1018: =IF(I1018="",0,I1018) -> 0 | L1018: =IF(H1018=0,0,H1018) -> 0 | M1018: =IF(G1018=0,0,G1018) -> 0 | N1018: =IF(J1018="","",J1018) | O1018: =IF(G1018=0,0,G1018) -> 0 | P1018: =IF(H1018=0,0,H1018) -> 0 | Q1018: =IF(I1018="Biaya Bahan Baku",H1018,IF(I1018="Biaya Operasional",H1018,IF(I1018="Biaya Insentif Fasilitas",H1018,""))) | R1018: =IF(I1018="Dana Bantuan Pemerintah",G1018,"") | S1018: =IF(I1018="Dana Bahan Baku","Bahan Baku",IF(I1018="Biaya Bahan Baku","Bahan Baku",IF(I1018="Dana Operasional","Operasional",IF(I1018="Biaya Operasional","Operasional","")))) | T1018: =IF(I1018="Dana Insentif Fasilitas","Insentif Fasilitas",IF(I1018="Biaya Insentif Fasilitas","Insentif Fasilitas","")) | U1018: =IF(S1018="",T1018,S1018) | V1018: =IF(I1018="Biaya Bahan Baku","Belanja",IF(I1018="Biaya Operasional","Belanja",IF(I1018="Biaya Insentif Fasilitas","Belanja",""))) | W1018: =ROW() -> 1018
K1019: =IF(I1019="",0,I1019) -> 0 | L1019: =IF(H1019=0,0,H1019) -> 0 | M1019: =IF(G1019=0,0,G1019) -> 0 | N1019: =IF(J1019="","",J1019) | O1019: =IF(G1019=0,0,G1019) -> 0 | P1019: =IF(H1019=0,0,H1019) -> 0 | Q1019: =IF(I1019="Biaya Bahan Baku",H1019,IF(I1019="Biaya Operasional",H1019,IF(I1019="Biaya Insentif Fasilitas",H1019,""))) | R1019: =IF(I1019="Dana Bantuan Pemerintah",G1019,"") | S1019: =IF(I1019="Dana Bahan Baku","Bahan Baku",IF(I1019="Biaya Bahan Baku","Bahan Baku",IF(I1019="Dana Operasional","Operasional",IF(I1019="Biaya Operasional","Operasional","")))) | T1019: =IF(I1019="Dana Insentif Fasilitas","Insentif Fasilitas",IF(I1019="Biaya Insentif Fasilitas","Insentif Fasilitas","")) | U1019: =IF(S1019="",T1019,S1019) | V1019: =IF(I1019="Biaya Bahan Baku","Belanja",IF(I1019="Biaya Operasional","Belanja",IF(I1019="Biaya Insentif Fasilitas","Belanja",""))) | W1019: =ROW() -> 1019
K1020: =IF(I1020="",0,I1020) -> 0 | L1020: =IF(H1020=0,0,H1020) -> 0 | M1020: =IF(G1020=0,0,G1020) -> 0 | N1020: =IF(J1020="","",J1020) | O1020: =IF(G1020=0,0,G1020) -> 0 | P1020: =IF(H1020=0,0,H1020) -> 0 | Q1020: =IF(I1020="Biaya Bahan Baku",H1020,IF(I1020="Biaya Operasional",H1020,IF(I1020="Biaya Insentif Fasilitas",H1020,""))) | R1020: =IF(I1020="Dana Bantuan Pemerintah",G1020,"") | S1020: =IF(I1020="Dana Bahan Baku","Bahan Baku",IF(I1020="Biaya Bahan Baku","Bahan Baku",IF(I1020="Dana Operasional","Operasional",IF(I1020="Biaya Operasional","Operasional","")))) | T1020: =IF(I1020="Dana Insentif Fasilitas","Insentif Fasilitas",IF(I1020="Biaya Insentif Fasilitas","Insentif Fasilitas","")) | U1020: =IF(S1020="",T1020,S1020) | V1020: =IF(I1020="Biaya Bahan Baku","Belanja",IF(I1020="Biaya Operasional","Belanja",IF(I1020="Biaya Insentif Fasilitas","Belanja",""))) | W1020: =ROW() -> 1020
K1021: =IF(I1021="",0,I1021) -> 0 | L1021: =IF(H1021=0,0,H1021) -> 0 | M1021: =IF(G1021=0,0,G1021) -> 0 | N1021: =IF(J1021="","",J1021) | O1021: =IF(G1021=0,0,G1021) -> 0 | P1021: =IF(H1021=0,0,H1021) -> 0 | Q1021: =IF(I1021="Biaya Bahan Baku",H1021,IF(I1021="Biaya Operasional",H1021,IF(I1021="Biaya Insentif Fasilitas",H1021,""))) | R1021: =IF(I1021="Dana Bantuan Pemerintah",G1021,"") | S1021: =IF(I1021="Dana Bahan Baku","Bahan Baku",IF(I1021="Biaya Bahan Baku","Bahan Baku",IF(I1021="Dana Operasional","Operasional",IF(I1021="Biaya Operasional","Operasional","")))) | T1021: =IF(I1021="Dana Insentif Fasilitas","Insentif Fasilitas",IF(I1021="Biaya Insentif Fasilitas","Insentif Fasilitas","")) | U1021: =IF(S1021="",T1021,S1021) | V1021: =IF(I1021="Biaya Bahan Baku","Belanja",IF(I1021="Biaya Operasional","Belanja",IF(I1021="Biaya Insentif Fasilitas","Belanja",""))) | W1021: =ROW() -> 1021
K1022: =IF(I1022="",0,I1022) -> 0 | L1022: =IF(H1022=0,0,H1022) -> 0 | M1022: =IF(G1022=0,0,G1022) -> 0 | N1022: =IF(J1022="","",J1022) | O1022: =IF(G1022=0,0,G1022) -> 0 | P1022: =IF(H1022=0,0,H1022) -> 0 | Q1022: =IF(I1022="Biaya Bahan Baku",H1022,IF(I1022="Biaya Operasional",H1022,IF(I1022="Biaya Insentif Fasilitas",H1022,""))) | R1022: =IF(I1022="Dana Bantuan Pemerintah",G1022,"") | S1022: =IF(I1022="Dana Bahan Baku","Bahan Baku",IF(I1022="Biaya Bahan Baku","Bahan Baku",IF(I1022="Dana Operasional","Operasional",IF(I1022="Biaya Operasional","Operasional","")))) | T1022: =IF(I1022="Dana Insentif Fasilitas","Insentif Fasilitas",IF(I1022="Biaya Insentif Fasilitas","Insentif Fasilitas","")) | U1022: =IF(S1022="",T1022,S1022) | V1022: =IF(I1022="Biaya Bahan Baku","Belanja",IF(I1022="Biaya Operasional","Belanja",IF(I1022="Biaya Insentif Fasilitas","Belanja",""))) | W1022: =ROW() -> 1022
K1023: =IF(I1023="",0,I1023) -> 0 | L1023: =IF(H1023=0,0,H1023) -> 0 | M1023: =IF(G1023=0,0,G1023) -> 0 | N1023: =IF(J1023="","",J1023) | O1023: =IF(G1023=0,0,G1023) -> 0 | P1023: =IF(H1023=0,0,H1023) -> 0 | Q1023: =IF(I1023="Biaya Bahan Baku",H1023,IF(I1023="Biaya Operasional",H1023,IF(I1023="Biaya Insentif Fasilitas",H1023,""))) | R1023: =IF(I1023="Dana Bantuan Pemerintah",G1023,"") | S1023: =IF(I1023="Dana Bahan Baku","Bahan Baku",IF(I1023="Biaya Bahan Baku","Bahan Baku",IF(I1023="Dana Operasional","Operasional",IF(I1023="Biaya Operasional","Operasional","")))) | T1023: =IF(I1023="Dana Insentif Fasilitas","Insentif Fasilitas",IF(I1023="Biaya Insentif Fasilitas","Insentif Fasilitas","")) | U1023: =IF(S1023="",T1023,S1023) | V1023: =IF(I1023="Biaya Bahan Baku","Belanja",IF(I1023="Biaya Operasional","Belanja",IF(I1023="Biaya Insentif Fasilitas","Belanja",""))) | W1023: =ROW() -> 1023
... K1152: =IF(I1152="",0,I1152) -> 0 | L1152: =IF(H1152=0,0,H1152) -> 0 | M1152: =IF(G1152=0,0,G1152) -> 0 | N1152: =IF(J1152="","",J1152) | O1152: =IF(G1152=0,0,G1152) -> 0 | P1152: =IF(H1152=0,0,H1152) -> 0 | Q1152: =IF(I1152="Biaya Bahan Baku",H1152,IF(I1152="Biaya Operasional",H1152,IF(I1152="Biaya Insentif Fasilitas",H1152,""))) | R1152: =IF(I1152="Dana Bantuan Pemerintah",G1152,"") | S1152: =IF(I1152="Dana Bahan Baku","Bahan Baku",IF(I1152="Biaya Bahan Baku","Bahan Baku",IF(I1152="Dana Operasional","Operasional",IF(I1152="Biaya Operasional","Operasional","")))) | T1152: =IF(I1152="Dana Insentif Fasilitas","Insentif Fasilitas",IF(I1152="Biaya Insentif Fasilitas","Insentif Fasilitas","")) | U1152: =IF(S1152="",T1152,S1152) | V1152: =IF(I1152="Biaya Bahan Baku","Belanja",IF(I1152="Biaya Operasional","Belanja",IF(I1152="Biaya Insentif Fasilitas","Belanja",""))) | W1152: =ROW() -> 1152

Sheet BKU
C5: BUKU KAS UMUM
C6: =Transaksi!C5 -> Periode : 05-01-2026 s.d. 17-01-2026
C9: Nama SPPG | E9: =": "&Setup!C6 -> : Input Nama SPPG di sini
C10: ID SPPG | E10: =": "&Setup!C7 -> : | H10: Saldo Awal | I10: =IF(C5="","",VLOOKUP(C5,'Saldo Buku'!C8:D28,2,FALSE)) -> 0
C11: Alamat | E11: =": "&Setup!C8 -> : | H11: Saldo Akhir | I11: =I10+SUM(G16:G215)-SUM(H16:H215) -> 0
C13: Bulan | D13: Tgl | E13: No. Bukti | F13: Uraian Transaksi | G13: Debet | H13: Kredit | I13: Saldo
C14: 1 | D14: 2 | E14: 2 | F14: 3 | G14: 4 | H14: 5 | I14: 6
A15: R | C15: x | F15: SALDO AWAL BULAN BERJALAN | G15: =I10 -> 0 | H15: 0 | I15: =I10 -> 0
A16: =IF(Transaksi!J11="","",Transaksi!A11) | C16: =IFERROR(VLOOKUP(A16,Transaksi!$A$11:$C$1000,3,FALSE),"") | D16: =IFERROR(VLOOKUP(A16,Transaksi!$A$11:$D$1000,4,FALSE),"") | E16: =IFERROR(VLOOKUP(A16,Transaksi!$A$11:$E$1000,5,FALSE),"") | F16: =IFERROR(VLOOKUP(A16,Transaksi!$A$11:$F$1000,6,FALSE),"") | G16: =IFERROR(VLOOKUP(A16,Transaksi!$A$11:$G$1000,7,FALSE),"") | H16: =IFERROR(VLOOKUP(A16,Transaksi!$A$11:$H$1000,8,FALSE),"") | I16: =IF(F16="","",I15+G16-H16)
A17: =IF(Transaksi!J12="","",Transaksi!A12) | C17: =IFERROR(VLOOKUP(A17,Transaksi!$A$11:$C$1000,3,FALSE),"") | D17: =IFERROR(VLOOKUP(A17,Transaksi!$A$11:$D$1000,4,FALSE),"") | E17: =IFERROR(VLOOKUP(A17,Transaksi!$A$11:$E$1000,5,FALSE),"") | F17: =IFERROR(VLOOKUP(A17,Transaksi!$A$11:$F$1000,6,FALSE),"") | G17: =IFERROR(VLOOKUP(A17,Transaksi!$A$11:$G$1000,7,FALSE),"") | H17: =IFERROR(VLOOKUP(A17,Transaksi!$A$11:$H$1000,8,FALSE),"") | I17: =IF(F17="","",I16+G17-H17)
A18: =IF(Transaksi!J13="","",Transaksi!A13) | C18: =IFERROR(VLOOKUP(A18,Transaksi!$A$11:$C$1000,3,FALSE),"") | D18: =IFERROR(VLOOKUP(A18,Transaksi!$A$11:$D$1000,4,FALSE),"") | E18: =IFERROR(VLOOKUP(A18,Transaksi!$A$11:$E$1000,5,FALSE),"") | F18: =IFERROR(VLOOKUP(A18,Transaksi!$A$11:$F$1000,6,FALSE),"") | G18: =IFERROR(VLOOKUP(A18,Transaksi!$A$11:$G$1000,7,FALSE),"") | H18: =IFERROR(VLOOKUP(A18,Transaksi!$A$11:$H$1000,8,FALSE),"") | I18: =IF(F18="","",I17+G18-H18)
A19: =IF(Transaksi!J14="","",Transaksi!A14) | C19: =IFERROR(VLOOKUP(A19,Transaksi!$A$11:$C$1000,3,FALSE),"") | D19: =IFERROR(VLOOKUP(A19,Transaksi!$A$11:$D$1000,4,FALSE),"") | E19: =IFERROR(VLOOKUP(A19,Transaksi!$A$11:$E$1000,5,FALSE),"") | F19: =IFERROR(VLOOKUP(A19,Transaksi!$A$11:$F$1000,6,FALSE),"") | G19: =IFERROR(VLOOKUP(A19,Transaksi!$A$11:$G$1000,7,FALSE),"") | H19: =IFERROR(VLOOKUP(A19,Transaksi!$A$11:$H$1000,8,FALSE),"") | I19: =IF(F19="","",I18+G19-H19)
A20: =IF(Transaksi!J15="","",Transaksi!A15) | C20: =IFERROR(VLOOKUP(A20,Transaksi!$A$11:$C$1000,3,FALSE),"") | D20: =IFERROR(VLOOKUP(A20,Transaksi!$A$11:$D$1000,4,FALSE),"") | E20: =IFERROR(VLOOKUP(A20,Transaksi!$A$11:$E$1000,5,FALSE),"") | F20: =IFERROR(VLOOKUP(A20,Transaksi!$A$11:$F$1000,6,FALSE),"") | G20: =IFERROR(VLOOKUP(A20,Transaksi!$A$11:$G$1000,7,FALSE),"") | H20: =IFERROR(VLOOKUP(A20,Transaksi!$A$11:$H$1000,8,FALSE),"") | I20: =IF(F20="","",I19+G20-H20)
A21: =IF(Transaksi!J16="","",Transaksi!A16) | C21: =IFERROR(VLOOKUP(A21,Transaksi!$A$11:$C$1000,3,FALSE),"") | D21: =IFERROR(VLOOKUP(A21,Transaksi!$A$11:$D$1000,4,FALSE),"") | E21: =IFERROR(VLOOKUP(A21,Transaksi!$A$11:$E$1000,5,FALSE),"") | F21: =IFERROR(VLOOKUP(A21,Transaksi!$A$11:$F$1000,6,FALSE),"") | G21: =IFERROR(VLOOKUP(A21,Transaksi!$A$11:$G$1000,7,FALSE),"") | H21: =IFERROR(VLOOKUP(A21,Transaksi!$A$11:$H$1000,8,FALSE),"") | I21: =IF(F21="","",I20+G21-H21)
A22: =IF(Transaksi!J17="","",Transaksi!A17) | C22: =IFERROR(VLOOKUP(A22,Transaksi!$A$11:$C$1000,3,FALSE),"") | D22: =IFERROR(VLOOKUP(A22,Transaksi!$A$11:$D$1000,4,FALSE),"") | E22: =IFERROR(VLOOKUP(A22,Transaksi!$A$11:$E$1000,5,FALSE),"") | F22: =IFERROR(VLOOKUP(A22,Transaksi!$A$11:$F$1000,6,FALSE),"") | G22: =IFERROR(VLOOKUP(A22,Transaksi!$A$11:$G$1000,7,FALSE),"") | H22: =IFERROR(VLOOKUP(A22,Transaksi!$A$11:$H$1000,8,FALSE),"") | I22: =IF(F22="","",I21+G22-H22)
A23: =IF(Transaksi!J18="","",Transaksi!A18) | C23: =IFERROR(VLOOKUP(A23,Transaksi!$A$11:$C$1000,3,FALSE),"") | D23: =IFERROR(VLOOKUP(A23,Transaksi!$A$11:$D$1000,4,FALSE),"") | E23: =IFERROR(VLOOKUP(A23,Transaksi!$A$11:$E$1000,5,FALSE),"") | F23: =IFERROR(VLOOKUP(A23,Transaksi!$A$11:$F$1000,6,FALSE),"") | G23: =IFERROR(VLOOKUP(A23,Transaksi!$A$11:$G$1000,7,FALSE),"") | H23: =IFERROR(VLOOKUP(A23,Transaksi!$A$11:$H$1000,8,FALSE),"") | I23: =IF(F23="","",I22+G23-H23)
A24: =IF(Transaksi!J19="","",Transaksi!A19) | C24: =IFERROR(VLOOKUP(A24,Transaksi!$A$11:$C$1000,3,FALSE),"") | D24: =IFERROR(VLOOKUP(A24,Transaksi!$A$11:$D$1000,4,FALSE),"") | E24: =IFERROR(VLOOKUP(A24,Transaksi!$A$11:$E$1000,5,FALSE),"") | F24: =IFERROR(VLOOKUP(A24,Transaksi!$A$11:$F$1000,6,FALSE),"") | G24: =IFERROR(VLOOKUP(A24,Transaksi!$A$11:$G$1000,7,FALSE),"") | H24: =IFERROR(VLOOKUP(A24,Transaksi!$A$11:$H$1000,8,FALSE),"") | I24: =IF(F24="","",I23+G24-H24)
A25: =IF(Transaksi!J20="","",Transaksi!A20) | C25: =IFERROR(VLOOKUP(A25,Transaksi!$A$11:$C$1000,3,FALSE),"") | D25: =IFERROR(VLOOKUP(A25,Transaksi!$A$11:$D$1000,4,FALSE),"") | E25: =IFERROR(VLOOKUP(A25,Transaksi!$A$11:$E$1000,5,FALSE),"") | F25: =IFERROR(VLOOKUP(A25,Transaksi!$A$11:$F$1000,6,FALSE),"") | G25: =IFERROR(VLOOKUP(A25,Transaksi!$A$11:$G$1000,7,FALSE),"") | H25: =IFERROR(VLOOKUP(A25,Transaksi!$A$11:$H$1000,8,FALSE),"") | I25: =IF(F25="","",I24+G25-H25)
A26: =IF(Transaksi!J21="","",Transaksi!A21) | C26: =IFERROR(VLOOKUP(A26,Transaksi!$A$11:$C$1000,3,FALSE),"") | D26: =IFERROR(VLOOKUP(A26,Transaksi!$A$11:$D$1000,4,FALSE),"") | E26: =IFERROR(VLOOKUP(A26,Transaksi!$A$11:$E$1000,5,FALSE),"") | F26: =IFERROR(VLOOKUP(A26,Transaksi!$A$11:$F$1000,6,FALSE),"") | G26: =IFERROR(VLOOKUP(A26,Transaksi!$A$11:$G$1000,7,FALSE),"") | H26: =IFERROR(VLOOKUP(A26,Transaksi!$A$11:$H$1000,8,FALSE),"") | I26: =IF(F26="","",I25+G26-H26)
A27: =IF(Transaksi!J22="","",Transaksi!A22) | C27: =IFERROR(VLOOKUP(A27,Transaksi!$A$11:$C$1000,3,FALSE),"") | D27: =IFERROR(VLOOKUP(A27,Transaksi!$A$11:$D$1000,4,FALSE),"") | E27: =IFERROR(VLOOKUP(A27,Transaksi!$A$11:$E$1000,5,FALSE),"") | F27: =IFERROR(VLOOKUP(A27,Transaksi!$A$11:$F$1000,6,FALSE),"") | G27: =IFERROR(VLOOKUP(A27,Transaksi!$A$11:$G$1000,7,FALSE),"") | H27: =IFERROR(VLOOKUP(A27,Transaksi!$A$11:$H$1000,8,FALSE),"") | I27: =IF(F27="","",I26+G27-H27)
... A215: =IF(Transaksi!J210="","",Transaksi!A210) | C215: =IFERROR(VLOOKUP(A215,Transaksi!$A$11:$C$1000,3,FALSE),"") | D215: =IFERROR(VLOOKUP(A215,Transaksi!$A$11:$D$1000,4,FALSE),"") | E215: =IFERROR(VLOOKUP(A215,Transaksi!$A$11:$E$1000,5,FALSE),"") | F215: =IFERROR(VLOOKUP(A215,Transaksi!$A$11:$F$1000,6,FALSE),"") | G215: =IFERROR(VLOOKUP(A215,Transaksi!$A$11:$G$1000,7,FALSE),"") | H215: =IFERROR(VLOOKUP(A215,Transaksi!$A$11:$H$1000,8,FALSE),"") | I215: =IF(F215="","",I214+G215-H215)
C216: =IFERROR(VLOOKUP(A216,Transaksi!$A$11:$C$1000,3,FALSE),"") | D216: =IFERROR(VLOOKUP(A216,Transaksi!$A$11:$D$1000,4,FALSE),"") | E216: =IFERROR(VLOOKUP(A216,Transaksi!$A$11:$E$1000,5,FALSE),"") | F216: =IFERROR(VLOOKUP(A216,Transaksi!$A$11:$F$1000,6,FALSE),"") | G216: =IFERROR(VLOOKUP(A216,Transaksi!$A$11:$G$1000,7,FALSE),"") | H216: =IFERROR(VLOOKUP(A216,Transaksi!$A$11:$H$1000,8,FALSE),"") | I216: =IF(F216="","",I215+G216-H216)
C217: =IFERROR(VLOOKUP(A217,Transaksi!$A$11:$C$1000,3,FALSE),"") | D217: =IFERROR(VLOOKUP(A217,Transaksi!$A$11:$D$1000,4,FALSE),"") | E217: =IFERROR(VLOOKUP(A217,Transaksi!$A$11:$E$1000,5,FALSE),"") | F217: =IFERROR(VLOOKUP(A217,Transaksi!$A$11:$F$1000,6,FALSE),"") | G217: =IFERROR(VLOOKUP(A217,Transaksi!$A$11:$G$1000,7,FALSE),"") | H217: =IFERROR(VLOOKUP(A217,Transaksi!$A$11:$H$1000,8,FALSE),"") | I217: =IF(F217="","",I216+G217-H217)
C218: =IFERROR(VLOOKUP(A218,Transaksi!$A$11:$C$1000,3,FALSE),"") | D218: =IFERROR(VLOOKUP(A218,Transaksi!$A$11:$D$1000,4,FALSE),"") | E218: =IFERROR(VLOOKUP(A218,Transaksi!$A$11:$E$1000,5,FALSE),"") | F218: =IFERROR(VLOOKUP(A218,Transaksi!$A$11:$F$1000,6,FALSE),"") | G218: =IFERROR(VLOOKUP(A218,Transaksi!$A$11:$G$1000,7,FALSE),"") | H218: =IFERROR(VLOOKUP(A218,Transaksi!$A$11:$H$1000,8,FALSE),"") | I218: =IF(F218="","",I217+G218-H218)
C219: =IFERROR(VLOOKUP(A219,Transaksi!$A$11:$C$1000,3,FALSE),"") | D219: =IFERROR(VLOOKUP(A219,Transaksi!$A$11:$D$1000,4,FALSE),"") | E219: =IFERROR(VLOOKUP(A219,Transaksi!$A$11:$E$1000,5,FALSE),"") | F219: =IFERROR(VLOOKUP(A219,Transaksi!$A$11:$F$1000,6,FALSE),"") | G219: =IFERROR(VLOOKUP(A219,Transaksi!$A$11:$G$1000,7,FALSE),"") | H219: =IFERROR(VLOOKUP(A219,Transaksi!$A$11:$H$1000,8,FALSE),"") | I219: =IF(F219="","",I218+G219-H219)
C220: =IFERROR(VLOOKUP(A220,Transaksi!$A$11:$C$1000,3,FALSE),"") | D220: =IFERROR(VLOOKUP(A220,Transaksi!$A$11:$D$1000,4,FALSE),"") | E220: =IFERROR(VLOOKUP(A220,Transaksi!$A$11:$E$1000,5,FALSE),"") | F220: =IFERROR(VLOOKUP(A220,Transaksi!$A$11:$F$1000,6,FALSE),"") | G220: =IFERROR(VLOOKUP(A220,Transaksi!$A$11:$G$1000,7,FALSE),"") | H220: =IFERROR(VLOOKUP(A220,Transaksi!$A$11:$H$1000,8,FALSE),"") | I220: =IF(F220="","",I219+G220-H220)
C221: =IFERROR(VLOOKUP(A221,Transaksi!$A$11:$C$1000,3,FALSE),"") | D221: =IFERROR(VLOOKUP(A221,Transaksi!$A$11:$D$1000,4,FALSE),"") | E221: =IFERROR(VLOOKUP(A221,Transaksi!$A$11:$E$1000,5,FALSE),"") | F221: =IFERROR(VLOOKUP(A221,Transaksi!$A$11:$F$1000,6,FALSE),"") | G221: =IFERROR(VLOOKUP(A221,Transaksi!$A$11:$G$1000,7,FALSE),"") | H221: =IFERROR(VLOOKUP(A221,Transaksi!$A$11:$H$1000,8,FALSE),"") | I221: =IF(F221="","",I220+G221-H221)
C222: =IFERROR(VLOOKUP(A222,Transaksi!$A$11:$C$1000,3,FALSE),"") | D222: =IFERROR(VLOOKUP(A222,Transaksi!$A$11:$D$1000,4,FALSE),"") | E222: =IFERROR(VLOOKUP(A222,Transaksi!$A$11:$E$1000,5,FALSE),"") | F222: =IFERROR(VLOOKUP(A222,Transaksi!$A$11:$F$1000,6,FALSE),"") | G222: =IFERROR(VLOOKUP(A222,Transaksi!$A$11:$G$1000,7,FALSE),"") | H222: =IFERROR(VLOOKUP(A222,Transaksi!$A$11:$H$1000,8,FALSE),"") | I222: =IF(F222="","",I221+G222-H222)
C223: =IFERROR(VLOOKUP(A223,Transaksi!$A$11:$C$1000,3,FALSE),"") | D223: =IFERROR(VLOOKUP(A223,Transaksi!$A$11:$D$1000,4,FALSE),"") | E223: =IFERROR(VLOOKUP(A223,Transaksi!$A$11:$E$1000,5,FALSE),"") | F223: =IFERROR(VLOOKUP(A223,Transaksi!$A$11:$F$1000,6,FALSE),"") | G223: =IFERROR(VLOOKUP(A223,Transaksi!$A$11:$G$1000,7,FALSE),"") | H223: =IFERROR(VLOOKUP(A223,Transaksi!$A$11:$H$1000,8,FALSE),"") | I223: =IF(F223="","",I222+G223-H223)
C224: =IFERROR(VLOOKUP(A224,Transaksi!$A$11:$C$1000,3,FALSE),"") | D224: =IFERROR(VLOOKUP(A224,Transaksi!$A$11:$D$1000,4,FALSE),"") | E224: =IFERROR(VLOOKUP(A224,Transaksi!$A$11:$E$1000,5,FALSE),"") | F224: =IFERROR(VLOOKUP(A224,Transaksi!$A$11:$F$1000,6,FALSE),"") | G224: =IFERROR(VLOOKUP(A224,Transaksi!$A$11:$G$1000,7,FALSE),"") | H224: =IFERROR(VLOOKUP(A224,Transaksi!$A$11:$H$1000,8,FALSE),"") | I224: =IF(F224="","",I223+G224-H224)
C225: =IFERROR(VLOOKUP(A225,Transaksi!$A$11:$C$1000,3,FALSE),"") | D225: =IFERROR(VLOOKUP(A225,Transaksi!$A$11:$D$1000,4,FALSE),"") | E225: =IFERROR(VLOOKUP(A225,Transaksi!$A$11:$E$1000,5,FALSE),"") | F225: =IFERROR(VLOOKUP(A225,Transaksi!$A$11:$F$1000,6,FALSE),"") | G225: =IFERROR(VLOOKUP(A225,Transaksi!$A$11:$G$1000,7,FALSE),"") | H225: =IFERROR(VLOOKUP(A225,Transaksi!$A$11:$H$1000,8,FALSE),"") | I225: =IF(F225="","",I224+G225-H225)
C226: =IFERROR(VLOOKUP(A226,Transaksi!$A$11:$C$1000,3,FALSE),"") | D226: =IFERROR(VLOOKUP(A226,Transaksi!$A$11:$D$1000,4,FALSE),"") | E226: =IFERROR(VLOOKUP(A226,Transaksi!$A$11:$E$1000,5,FALSE),"") | F226: =IFERROR(VLOOKUP(A226,Transaksi!$A$11:$F$1000,6,FALSE),"") | G226: =IFERROR(VLOOKUP(A226,Transaksi!$A$11:$G$1000,7,FALSE),"") | H226: =IFERROR(VLOOKUP(A226,Transaksi!$A$11:$H$1000,8,FALSE),"") | I226: =IF(F226="","",I225+G226-H226)
C227: =IFERROR(VLOOKUP(A227,Transaksi!$A$11:$C$1000,3,FALSE),"") | D227: =IFERROR(VLOOKUP(A227,Transaksi!$A$11:$D$1000,4,FALSE),"") | E227: =IFERROR(VLOOKUP(A227,Transaksi!$A$11:$E$1000,5,FALSE),"") | F227: =IFERROR(VLOOKUP(A227,Transaksi!$A$11:$F$1000,6,FALSE),"") | G227: =IFERROR(VLOOKUP(A227,Transaksi!$A$11:$G$1000,7,FALSE),"") | H227: =IFERROR(VLOOKUP(A227,Transaksi!$A$11:$H$1000,8,FALSE),"") | I227: =IF(F227="","",I226+G227-H227)
... C645: =IFERROR(VLOOKUP(A645,Transaksi!$A$11:$C$1000,3,FALSE),"") | D645: =IFERROR(VLOOKUP(A645,Transaksi!$A$11:$D$1000,4,FALSE),"") | E645: =IFERROR(VLOOKUP(A645,Transaksi!$A$11:$E$1000,5,FALSE),"") | F645: =IFERROR(VLOOKUP(A645,Transaksi!$A$11:$F$1000,6,FALSE),"") | G645: =IFERROR(VLOOKUP(A645,Transaksi!$A$11:$G$1000,7,FALSE),"") | H645: =IFERROR(VLOOKUP(A645,Transaksi!$A$11:$H$1000,8,FALSE),"") | I645: =IF(F645="","",I644+G645-H645)

Sheet BP Bank
C5: BUKU PEMBANTU KAS DI BANK
C6: =Transaksi!C5 -> Periode : 05-01-2026 s.d. 17-01-2026
C8: Nama SPPG | E8: =": "&Setup!C6 -> : Input Nama SPPG di sini
B9: Transaksi! | C9: ID SPPG | E9: =": "&Setup!C7 -> :
B10: J | C10: Alamat | E10: =": "&Setup!C8 -> : | H10: Saldo Awal | I10: =IF(F11="","",VLOOKUP(F11,'Saldo Buku'!C8:D28,2,FALSE)) -> 0
B11: W1000 | C11: Buku Pembantu Kas (dapat dipilih): | F11: Kas di Bank | H11: Saldo Akhir | I11: =I10+SUM(G16:G215)-SUM(H16:H215) -> 0
C13: Bulan | E13: No. Bukti | F13: Uraian Transaksi | G13: Debet | H13: Kredit | I13: Saldo
C14: 1 | E14: 2 | F14: 3 | G14: 4 | H14: 5 | I14: 6
A15: Row | B15: Next | C15: x | F15: SALDO AWAL BULAN BERJALAN | G15: =I10 -> 0 | H15: 0 | I15: =I10 -> 0
A16: =IFERROR(VLOOKUP(F11,Transaksi!J11:W1000,14,FALSE),"") | B16: =IF(A16="","",A16+1) | C16: =IFERROR(VLOOKUP(A16,Transaksi!$A$11:$C$1000,3,FALSE),"") | D16: =IFERROR(VLOOKUP(A16,Transaksi!$A$11:$D$1000,4,FALSE),"") | E16: =IFERROR(VLOOKUP(A16,Transaksi!$A$11:$E$1000,5,FALSE),"") | F16: =IFERROR(VLOOKUP(A16,Transaksi!$A$11:$F$1000,6,FALSE),"") | G16: =IFERROR(VLOOKUP(A16,Transaksi!$A$11:$G$1000,7,FALSE),"") | H16: =IFERROR(VLOOKUP(A16,Transaksi!$A$11:$H$1000,8,FALSE),"") | I16: =IF(F16="","",I15+G16-H16)
A17: =IFERROR(VLOOKUP($F$11,INDIRECT($B$9&$B$10&B16&":"&$B$11),14,FALSE),"") | B17: =IF(A17="","",A17+1) | C17: =IFERROR(VLOOKUP(A17,Transaksi!$A$11:$C$1000,3,FALSE),"") | D17: =IFERROR(VLOOKUP(A17,Transaksi!$A$11:$D$1000,4,FALSE),"") | E17: =IFERROR(VLOOKUP(A17,Transaksi!$A$11:$E$1000,5,FALSE),"") | F17: =IFERROR(VLOOKUP(A17,Transaksi!$A$11:$F$1000,6,FALSE),"") | G17: =IFERROR(VLOOKUP(A17,Transaksi!$A$11:$G$1000,7,FALSE),"") | H17: =IFERROR(VLOOKUP(A17,Transaksi!$A$11:$H$1000,8,FALSE),"") | I17: =IF(F17="","",I16+G17-H17)
A18: =IFERROR(VLOOKUP($F$11,INDIRECT($B$9&$B$10&B17&":"&$B$11),14,FALSE),"") | B18: =IF(A18="","",A18+1) | C18: =IFERROR(VLOOKUP(A18,Transaksi!$A$11:$C$1000,3,FALSE),"") | D18: =IFERROR(VLOOKUP(A18,Transaksi!$A$11:$D$1000,4,FALSE),"") | E18: =IFERROR(VLOOKUP(A18,Transaksi!$A$11:$E$1000,5,FALSE),"") | F18: =IFERROR(VLOOKUP(A18,Transaksi!$A$11:$F$1000,6,FALSE),"") | G18: =IFERROR(VLOOKUP(A18,Transaksi!$A$11:$G$1000,7,FALSE),"") | H18: =IFERROR(VLOOKUP(A18,Transaksi!$A$11:$H$1000,8,FALSE),"") | I18: =IF(F18="","",I17+G18-H18)
A19: =IFERROR(VLOOKUP($F$11,INDIRECT($B$9&$B$10&B18&":"&$B$11),14,FALSE),"") | B19: =IF(A19="","",A19+1) | C19: =IFERROR(VLOOKUP(A19,Transaksi!$A$11:$C$1000,3,FALSE),"") | D19: =IFERROR(VLOOKUP(A19,Transaksi!$A$11:$D$1000,4,FALSE),"") | E19: =IFERROR(VLOOKUP(A19,Transaksi!$A$11:$E$1000,5,FALSE),"") | F19: =IFERROR(VLOOKUP(A19,Transaksi!$A$11:$F$1000,6,FALSE),"") | G19: =IFERROR(VLOOKUP(A19,Transaksi!$A$11:$G$1000,7,FALSE),"") | H19: =IFERROR(VLOOKUP(A19,Transaksi!$A$11:$H$1000,8,FALSE),"") | I19: =IF(F19="","",I18+G19-H19)
A20: =IFERROR(VLOOKUP($F$11,INDIRECT($B$9&$B$10&B19&":"&$B$11),14,FALSE),"") | B20: =IF(A20="","",A20+1) | C20: =IFERROR(VLOOKUP(A20,Transaksi!$A$11:$C$1000,3,FALSE),"") | D20: =IFERROR(VLOOKUP(A20,Transaksi!$A$11:$D$1000,4,FALSE),"") | E20: =IFERROR(VLOOKUP(A20,Transaksi!$A$11:$E$1000,5,FALSE),"") | F20: =IFERROR(VLOOKUP(A20,Transaksi!$A$11:$F$1000,6,FALSE),"") | G20: =IFERROR(VLOOKUP(A20,Transaksi!$A$11:$G$1000,7,FALSE),"") | H20: =IFERROR(VLOOKUP(A20,Transaksi!$A$11:$H$1000,8,FALSE),"") | I20: =IF(F20="","",I19+G20-H20)
A21: =IFERROR(VLOOKUP($F$11,INDIRECT($B$9&$B$10&B20&":"&$B$11),14,FALSE),"") | B21: =IF(A21="","",A21+1) | C21: =IFERROR(VLOOKUP(A21,Transaksi!$A$11:$C$1000,3,FALSE),"") | D21: =IFERROR(VLOOKUP(A21,Transaksi!$A$11:$D$1000,4,FALSE),"") | E21: =IFERROR(VLOOKUP(A21,Transaksi!$A$11:$E$1000,5,FALSE),"") | F21: =IFERROR(VLOOKUP(A21,Transaksi!$A$11:$F$1000,6,FALSE),"") | G21: =IFERROR(VLOOKUP(A21,Transaksi!$A$11:$G$1000,7,FALSE),"") | H21: =IFERROR(VLOOKUP(A21,Transaksi!$A$11:$H$1000,8,FALSE),"") | I21: =IF(F21="","",I20+G21-H21)
A22: =IFERROR(VLOOKUP($F$11,INDIRECT($B$9&$B$10&B21&":"&$B$11),14,FALSE),"") | B22: =IF(A22="","",A22+1) | C22: =IFERROR(VLOOKUP(A22,Transaksi!$A$11:$C$1000,3,FALSE),"") | D22: =IFERROR(VLOOKUP(A22,Transaksi!$A$11:$D$1000,4,FALSE),"") | E22: =IFERROR(VLOOKUP(A22,Transaksi!$A$11:$E$1000,5,FALSE),"") | F22: =IFERROR(VLOOKUP(A22,Transaksi!$A$11:$F$1000,6,FALSE),"") | G22: =IFERROR(VLOOKUP(A22,Transaksi!$A$11:$G$1000,7,FALSE),"") | H22: =IFERROR(VLOOKUP(A22,Transaksi!$A$11:$H$1000,8,FALSE),"") | I22: =IF(F22="","",I21+G22-H22)
A23: =IFERROR(VLOOKUP($F$11,INDIRECT($B$9&$B$10&B22&":"&$B$11),14,FALSE),"") | B23: =IF(A23="","",A23+1) | C23: =IFERROR(VLOOKUP(A23,Transaksi!$A$11:$C$1000,3,FALSE),"") | D23: =IFERROR(VLOOKUP(A23,Transaksi!$A$11:$D$1000,4,FALSE),"") | E23: =IFERROR(VLOOKUP(A23,Transaksi!$A$11:$E$1000,5,FALSE),"") | F23: =IFERROR(VLOOKUP(A23,Transaksi!$A$11:$F$1000,6,FALSE),"") | G23: =IFERROR(VLOOKUP(A23,Transaksi!$A$11:$G$1000,7,FALSE),"") | H23: =IFERROR(VLOOKUP(A23,Transaksi!$A$11:$H$1000,8,FALSE),"") | I23: =IF(F23="","",I22+G23-H23)
A24: =IFERROR(VLOOKUP($F$11,INDIRECT($B$9&$B$10&B23&":"&$B$11),14,FALSE),"") | B24: =IF(A24="","",A24+1) | C24: =IFERROR(VLOOKUP(A24,Transaksi!$A$11:$C$1000,3,FALSE),"") | D24: =IFERROR(VLOOKUP(A24,Transaksi!$A$11:$D$1000,4,FALSE),"") | E24: =IFERROR(VLOOKUP(A24,Transaksi!$A$11:$E$1000,5,FALSE),"") | F24: =IFERROR(VLOOKUP(A24,Transaksi!$A$11:$F$1000,6,FALSE),"") | G24: =IFERROR(VLOOKUP(A24,Transaksi!$A$11:$G$1000,7,FALSE),"") | H24: =IFERROR(VLOOKUP(A24,Transaksi!$A$11:$H$1000,8,FALSE),"") | I24: =IF(F24="","",I23+G24-H24)
A25: =IFERROR(VLOOKUP($F$11,INDIRECT($B$9&$B$10&B24&":"&$B$11),14,FALSE),"") | B25: =IF(A25="","",A25+1) | C25: =IFERROR(VLOOKUP(A25,Transaksi!$A$11:$C$1000,3,FALSE),"") | D25: =IFERROR(VLOOKUP(A25,Transaksi!$A$11:$D$1000,4,FALSE),"") | E25: =IFERROR(VLOOKUP(A25,Transaksi!$A$11:$E$1000,5,FALSE),"") | F25: =IFERROR(VLOOKUP(A25,Transaksi!$A$11:$F$1000,6,FALSE),"") | G25: =IFERROR(VLOOKUP(A25,Transaksi!$A$11:$G$1000,7,FALSE),"") | H25: =IFERROR(VLOOKUP(A25,Transaksi!$A$11:$H$1000,8,FALSE),"") | I25: =IF(F25="","",I24+G25-H25)
A26: =IFERROR(VLOOKUP($F$11,INDIRECT($B$9&$B$10&B25&":"&$B$11),14,FALSE),"") | B26: =IF(A26="","",A26+1) | C26: =IFERROR(VLOOKUP(A26,Transaksi!$A$11:$C$1000,3,FALSE),"") | D26: =IFERROR(VLOOKUP(A26,Transaksi!$A$11:$D$1000,4,FALSE),"") | E26: =IFERROR(VLOOKUP(A26,Transaksi!$A$11:$E$1000,5,FALSE),"") | F26: =IFERROR(VLOOKUP(A26,Transaksi!$A$11:$F$1000,6,FALSE),"") | G26: =IFERROR(VLOOKUP(A26,Transaksi!$A$11:$G$1000,7,FALSE),"") | H26: =IFERROR(VLOOKUP(A26,Transaksi!$A$11:$H$1000,8,FALSE),"") | I26: =IF(F26="","",I25+G26-H26)
A27: =IFERROR(VLOOKUP($F$11,INDIRECT($B$9&$B$10&B26&":"&$B$11),14,FALSE),"") | B27: =IF(A27="","",A27+1) | C27: =IFERROR(VLOOKUP(A27,Transaksi!$A$11:$C$1000,3,FALSE),"") | D27: =IFERROR(VLOOKUP(A27,Transaksi!$A$11:$D$1000,4,FALSE),"") | E27: =IFERROR(VLOOKUP(A27,Transaksi!$A$11:$E$1000,5,FALSE),"") | F27: =IFERROR(VLOOKUP(A27,Transaksi!$A$11:$F$1000,6,FALSE),"") | G27: =IFERROR(VLOOKUP(A27,Transaksi!$A$11:$G$1000,7,FALSE),"") | H27: =IFERROR(VLOOKUP(A27,Transaksi!$A$11:$H$1000,8,FALSE),"") | I27: =IF(F27="","",I26+G27-H27)
A28: =IFERROR(VLOOKUP($F$11,INDIRECT($B$9&$B$10&B27&":"&$B$11),14,FALSE),"") | B28: =IF(A28="","",A28+1) | C28: =IFERROR(VLOOKUP(A28,Transaksi!$A$11:$C$1000,3,FALSE),"") | D28: =IFERROR(VLOOKUP(A28,Transaksi!$A$11:$D$1000,4,FALSE),"") | E28: =IFERROR(VLOOKUP(A28,Transaksi!$A$11:$E$1000,5,FALSE),"") | F28: =IFERROR(VLOOKUP(A28,Transaksi!$A$11:$F$1000,6,FALSE),"") | G28: =IFERROR(VLOOKUP(A28,Transaksi!$A$11:$G$1000,7,FALSE),"") | H28: =IFERROR(VLOOKUP(A28,Transaksi!$A$11:$H$1000,8,FALSE),"") | I28: =IF(F28="","",I27+G28-H28)
... A215: =IFERROR(VLOOKUP($F$11,INDIRECT($B$9&$B$10&B214&":"&$B$11),14,FALSE),"") | B215: =IF(A215="","",A215+1) | C215: =IFERROR(VLOOKUP(A215,Transaksi!$A$11:$C$1000,3,FALSE),"") | D215: =IFERROR(VLOOKUP(A215,Transaksi!$A$11:$D$1000,4,FALSE),"") | E215: =IFERROR(VLOOKUP(A215,Transaksi!$A$11:$E$1000,5,FALSE),"") | F215: =IFERROR(VLOOKUP(A215,Transaksi!$A$11:$F$1000,6,FALSE),"") | G215: =IFERROR(VLOOKUP(A215,Transaksi!$A$11:$G$1000,7,FALSE),"") | H215: =IFERROR(VLOOKUP(A215,Transaksi!$A$11:$H$1000,8,FALSE),"") | I215: =IF(F215="","",I214+G215-H215)
C216: =IFERROR(VLOOKUP(A216,Transaksi!$A$11:$C$1000,3,FALSE),"") | D216: =IFERROR(VLOOKUP(A216,Transaksi!$A$11:$D$1000,4,FALSE),"") | E216: =IFERROR(VLOOKUP(A216,Transaksi!$A$11:$E$1000,5,FALSE),"") | F216: =IFERROR(VLOOKUP(A216,Transaksi!$A$11:$F$1000,6,FALSE),"") | G216: =IFERROR(VLOOKUP(A216,Transaksi!$A$11:$G$1000,7,FALSE),"") | H216: =IFERROR(VLOOKUP(A216,Transaksi!$A$11:$H$1000,8,FALSE),"") | I216: =IF(F216="","",I215+G216-H216)
C217: =IFERROR(VLOOKUP(A217,Transaksi!$A$11:$C$1000,3,FALSE),"") | D217: =IFERROR(VLOOKUP(A217,Transaksi!$A$11:$D$1000,4,FALSE),"") | E217: =IFERROR(VLOOKUP(A217,Transaksi!$A$11:$E$1000,5,FALSE),"") | F217: =IFERROR(VLOOKUP(A217,Transaksi!$A$11:$F$1000,6,FALSE),"") | G217: =IFERROR(VLOOKUP(A217,Transaksi!$A$11:$G$1000,7,FALSE),"") | H217: =IFERROR(VLOOKUP(A217,Transaksi!$A$11:$H$1000,8,FALSE),"") | I217: =IF(F217="","",I216+G217-H217)
C218: =IFERROR(VLOOKUP(A218,Transaksi!$A$11:$C$1000,3,FALSE),"") | D218: =IFERROR(VLOOKUP(A218,Transaksi!$A$11:$D$1000,4,FALSE),"") | E218: =IFERROR(VLOOKUP(A218,Transaksi!$A$11:$E$1000,5,FALSE),"") | F218: =IFERROR(VLOOKUP(A218,Transaksi!$A$11:$F$1000,6,FALSE),"") | G218: =IFERROR(VLOOKUP(A218,Transaksi!$A$11:$G$1000,7,FALSE),"") | H218: =IFERROR(VLOOKUP(A218,Transaksi!$A$11:$H$1000,8,FALSE),"") | I218: =IF(F218="","",I217+G218-H218)
C219: =IFERROR(VLOOKUP(A219,Transaksi!$A$11:$C$1000,3,FALSE),"") | D219: =IFERROR(VLOOKUP(A219,Transaksi!$A$11:$D$1000,4,FALSE),"") | E219: =IFERROR(VLOOKUP(A219,Transaksi!$A$11:$E$1000,5,FALSE),"") | F219: =IFERROR(VLOOKUP(A219,Transaksi!$A$11:$F$1000,6,FALSE),"") | G219: =IFERROR(VLOOKUP(A219,Transaksi!$A$11:$G$1000,7,FALSE),"") | H219: =IFERROR(VLOOKUP(A219,Transaksi!$A$11:$H$1000,8,FALSE),"") | I219: =IF(F219="","",I218+G219-H219)
C220: =IFERROR(VLOOKUP(A220,Transaksi!$A$11:$C$1000,3,FALSE),"") | D220: =IFERROR(VLOOKUP(A220,Transaksi!$A$11:$D$1000,4,FALSE),"") | E220: =IFERROR(VLOOKUP(A220,Transaksi!$A$11:$E$1000,5,FALSE),"") | F220: =IFERROR(VLOOKUP(A220,Transaksi!$A$11:$F$1000,6,FALSE),"") | G220: =IFERROR(VLOOKUP(A220,Transaksi!$A$11:$G$1000,7,FALSE),"") | H220: =IFERROR(VLOOKUP(A220,Transaksi!$A$11:$H$1000,8,FALSE),"") | I220: =IF(F220="","",I219+G220-H220)
C221: =IFERROR(VLOOKUP(A221,Transaksi!$A$11:$C$1000,3,FALSE),"") | D221: =IFERROR(VLOOKUP(A221,Transaksi!$A$11:$D$1000,4,FALSE),"") | E221: =IFERROR(VLOOKUP(A221,Transaksi!$A$11:$E$1000,5,FALSE),"") | F221: =IFERROR(VLOOKUP(A221,Transaksi!$A$11:$F$1000,6,FALSE),"") | G221: =IFERROR(VLOOKUP(A221,Transaksi!$A$11:$G$1000,7,FALSE),"") | H221: =IFERROR(VLOOKUP(A221,Transaksi!$A$11:$H$1000,8,FALSE),"") | I221: =IF(F221="","",I220+G221-H221)
C222: =IFERROR(VLOOKUP(A222,Transaksi!$A$11:$C$1000,3,FALSE),"") | D222: =IFERROR(VLOOKUP(A222,Transaksi!$A$11:$D$1000,4,FALSE),"") | E222: =IFERROR(VLOOKUP(A222,Transaksi!$A$11:$E$1000,5,FALSE),"") | F222: =IFERROR(VLOOKUP(A222,Transaksi!$A$11:$F$1000,6,FALSE),"") | G222: =IFERROR(VLOOKUP(A222,Transaksi!$A$11:$G$1000,7,FALSE),"") | H222: =IFERROR(VLOOKUP(A222,Transaksi!$A$11:$H$1000,8,FALSE),"") | I222: =IF(F222="","",I221+G222-H222)
C223: =IFERROR(VLOOKUP(A223,Transaksi!$A$11:$C$1000,3,FALSE),"") | D223: =IFERROR(VLOOKUP(A223,Transaksi!$A$11:$D$1000,4,FALSE),"") | E223: =IFERROR(VLOOKUP(A223,Transaksi!$A$11:$E$1000,5,FALSE),"") | F223: =IFERROR(VLOOKUP(A223,Transaksi!$A$11:$F$1000,6,FALSE),"") | G223: =IFERROR(VLOOKUP(A223,Transaksi!$A$11:$G$1000,7,FALSE),"") | H223: =IFERROR(VLOOKUP(A223,Transaksi!$A$11:$H$1000,8,FALSE),"") | I223: =IF(F223="","",I222+G223-H223)
C224: =IFERROR(VLOOKUP(A224,Transaksi!$A$11:$C$1000,3,FALSE),"") | D224: =IFERROR(VLOOKUP(A224,Transaksi!$A$11:$D$1000,4,FALSE),"") | E224: =IFERROR(VLOOKUP(A224,Transaksi!$A$11:$E$1000,5,FALSE),"") | F224: =IFERROR(VLOOKUP(A224,Transaksi!$A$11:$F$1000,6,FALSE),"") | G224: =IFERROR(VLOOKUP(A224,Transaksi!$A$11:$G$1000,7,FALSE),"") | H224: =IFERROR(VLOOKUP(A224,Transaksi!$A$11:$H$1000,8,FALSE),"") | I224: =IF(F224="","",I223+G224-H224)
C225: =IFERROR(VLOOKUP(A225,Transaksi!$A$11:$C$1000,3,FALSE),"") | D225: =IFERROR(VLOOKUP(A225,Transaksi!$A$11:$D$1000,4,FALSE),"") | E225: =IFERROR(VLOOKUP(A225,Transaksi!$A$11:$E$1000,5,FALSE),"") | F225: =IFERROR(VLOOKUP(A225,Transaksi!$A$11:$F$1000,6,FALSE),"") | G225: =IFERROR(VLOOKUP(A225,Transaksi!$A$11:$G$1000,7,FALSE),"") | H225: =IFERROR(VLOOKUP(A225,Transaksi!$A$11:$H$1000,8,FALSE),"") | I225: =IF(F225="","",I224+G225-H225)
C226: =IFERROR(VLOOKUP(A226,Transaksi!$A$11:$C$1000,3,FALSE),"") | D226: =IFERROR(VLOOKUP(A226,Transaksi!$A$11:$D$1000,4,FALSE),"") | E226: =IFERROR(VLOOKUP(A226,Transaksi!$A$11:$E$1000,5,FALSE),"") | F226: =IFERROR(VLOOKUP(A226,Transaksi!$A$11:$F$1000,6,FALSE),"") | G226: =IFERROR(VLOOKUP(A226,Transaksi!$A$11:$G$1000,7,FALSE),"") | H226: =IFERROR(VLOOKUP(A226,Transaksi!$A$11:$H$1000,8,FALSE),"") | I226: =IF(F226="","",I225+G226-H226)
C227: =IFERROR(VLOOKUP(A227,Transaksi!$A$11:$C$1000,3,FALSE),"") | D227: =IFERROR(VLOOKUP(A227,Transaksi!$A$11:$D$1000,4,FALSE),"") | E227: =IFERROR(VLOOKUP(A227,Transaksi!$A$11:$E$1000,5,FALSE),"") | F227: =IFERROR(VLOOKUP(A227,Transaksi!$A$11:$F$1000,6,FALSE),"") | G227: =IFERROR(VLOOKUP(A227,Transaksi!$A$11:$G$1000,7,FALSE),"") | H227: =IFERROR(VLOOKUP(A227,Transaksi!$A$11:$H$1000,8,FALSE),"") | I227: =IF(F227="","",I226+G227-H227)
... C1164: =IFERROR(VLOOKUP(A1164,Transaksi!$A$11:$C$1000,3,FALSE),"") | D1164: =IFERROR(VLOOKUP(A1164,Transaksi!$A$11:$D$1000,4,FALSE),"") | E1164: =IFERROR(VLOOKUP(A1164,Transaksi!$A$11:$E$1000,5,FALSE),"") | F1164: =IFERROR(VLOOKUP(A1164,Transaksi!$A$11:$F$1000,6,FALSE),"") | G1164: =IFERROR(VLOOKUP(A1164,Transaksi!$A$11:$G$1000,7,FALSE),"") | H1164: =IFERROR(VLOOKUP(A1164,Transaksi!$A$11:$H$1000,8,FALSE),"") | I1164: =IF(F1164="","",I1163+G1164-H1164)

Sheet BP Petty Cash
C5: BUKU PEMBANTU PETTY CASH
C6: =Transaksi!C5 -> Periode : 05-01-2026 s.d. 17-01-2026
C8: Nama SPPG | E8: =": "&Setup!C6 -> : Input Nama SPPG di sini
B9: Transaksi! | C9: ID SPPG | E9: =": "&Setup!C7 -> :
B10: J | C10: Alamat | E10: =": "&Setup!C8 -> : | H10: Saldo Awal | I10: =IF(F11="","",VLOOKUP(F11,'Saldo Buku'!C8:D28,2,FALSE)) -> 0
B11: W1000 | C11: Buku Pembantu Kas (dapat dipilih): | F11: Petty Cash | H11: Saldo Akhir | I11: =I10+SUM(G16:G115)-SUM(H16:H115) -> 0
C13: Bulan | E13: No. Bukti | F13: Uraian Transaksi | G13: Debet | H13: Kredit | I13: Saldo
C14: 1 | E14: 2 | F14: 3 | G14: 4 | H14: 5 | I14: 6
A15: Row | B15: Next | C15: x | F15: SALDO AWAL BULAN BERJALAN | G15: =I10 -> 0 | H15: 0 | I15: =I10 -> 0
A16: =IFERROR(VLOOKUP(F11,Transaksi!J11:W1000,14,FALSE),"") | B16: =IF(A16="","",A16+1) | C16: =IFERROR(VLOOKUP(A16,Transaksi!$A$11:$C$1000,3,FALSE),"") | D16: =IFERROR(VLOOKUP(A16,Transaksi!$A$11:$D$1000,4,FALSE),"") | E16: =IFERROR(VLOOKUP(A16,Transaksi!$A$11:$E$1000,5,FALSE),"") | F16: =IFERROR(VLOOKUP(A16,Transaksi!$A$11:$F$1000,6,FALSE),"") | G16: =IFERROR(VLOOKUP(A16,Transaksi!$A$11:$G$1000,7,FALSE),"") | H16: =IFERROR(VLOOKUP(A16,Transaksi!$A$11:$H$1000,8,FALSE),"") | I16: =IF(F16="","",I15+G16-H16)
A17: =IFERROR(VLOOKUP($F$11,INDIRECT($B$9&$B$10&B16&":"&$B$11),14,FALSE),"") | B17: =IF(A17="","",A17+1) | C17: =IFERROR(VLOOKUP(A17,Transaksi!$A$11:$C$1000,3,FALSE),"") | D17: =IFERROR(VLOOKUP(A17,Transaksi!$A$11:$D$1000,4,FALSE),"") | E17: =IFERROR(VLOOKUP(A17,Transaksi!$A$11:$E$1000,5,FALSE),"") | F17: =IFERROR(VLOOKUP(A17,Transaksi!$A$11:$F$1000,6,FALSE),"") | G17: =IFERROR(VLOOKUP(A17,Transaksi!$A$11:$G$1000,7,FALSE),"") | H17: =IFERROR(VLOOKUP(A17,Transaksi!$A$11:$H$1000,8,FALSE),"") | I17: =IF(F17="","",I16+G17-H17)
A18: =IFERROR(VLOOKUP($F$11,INDIRECT($B$9&$B$10&B17&":"&$B$11),14,FALSE),"") | B18: =IF(A18="","",A18+1) | C18: =IFERROR(VLOOKUP(A18,Transaksi!$A$11:$C$1000,3,FALSE),"") | D18: =IFERROR(VLOOKUP(A18,Transaksi!$A$11:$D$1000,4,FALSE),"") | E18: =IFERROR(VLOOKUP(A18,Transaksi!$A$11:$E$1000,5,FALSE),"") | F18: =IFERROR(VLOOKUP(A18,Transaksi!$A$11:$F$1000,6,FALSE),"") | G18: =IFERROR(VLOOKUP(A18,Transaksi!$A$11:$G$1000,7,FALSE),"") | H18: =IFERROR(VLOOKUP(A18,Transaksi!$A$11:$H$1000,8,FALSE),"") | I18: =IF(F18="","",I17+G18-H18)
A19: =IFERROR(VLOOKUP($F$11,INDIRECT($B$9&$B$10&B18&":"&$B$11),14,FALSE),"") | B19: =IF(A19="","",A19+1) | C19: =IFERROR(VLOOKUP(A19,Transaksi!$A$11:$C$1000,3,FALSE),"") | D19: =IFERROR(VLOOKUP(A19,Transaksi!$A$11:$D$1000,4,FALSE),"") | E19: =IFERROR(VLOOKUP(A19,Transaksi!$A$11:$E$1000,5,FALSE),"") | F19: =IFERROR(VLOOKUP(A19,Transaksi!$A$11:$F$1000,6,FALSE),"") | G19: =IFERROR(VLOOKUP(A19,Transaksi!$A$11:$G$1000,7,FALSE),"") | H19: =IFERROR(VLOOKUP(A19,Transaksi!$A$11:$H$1000,8,FALSE),"") | I19: =IF(F19="","",I18+G19-H19)
A20: =IFERROR(VLOOKUP($F$11,INDIRECT($B$9&$B$10&B19&":"&$B$11),14,FALSE),"") | B20: =IF(A20="","",A20+1) | C20: =IFERROR(VLOOKUP(A20,Transaksi!$A$11:$C$1000,3,FALSE),"") | D20: =IFERROR(VLOOKUP(A20,Transaksi!$A$11:$D$1000,4,FALSE),"") | E20: =IFERROR(VLOOKUP(A20,Transaksi!$A$11:$E$1000,5,FALSE),"") | F20: =IFERROR(VLOOKUP(A20,Transaksi!$A$11:$F$1000,6,FALSE),"") | G20: =IFERROR(VLOOKUP(A20,Transaksi!$A$11:$G$1000,7,FALSE),"") | H20: =IFERROR(VLOOKUP(A20,Transaksi!$A$11:$H$1000,8,FALSE),"") | I20: =IF(F20="","",I19+G20-H20)
A21: =IFERROR(VLOOKUP($F$11,INDIRECT($B$9&$B$10&B20&":"&$B$11),14,FALSE),"") | B21: =IF(A21="","",A21+1) | C21: =IFERROR(VLOOKUP(A21,Transaksi!$A$11:$C$1000,3,FALSE),"") | D21: =IFERROR(VLOOKUP(A21,Transaksi!$A$11:$D$1000,4,FALSE),"") | E21: =IFERROR(VLOOKUP(A21,Transaksi!$A$11:$E$1000,5,FALSE),"") | F21: =IFERROR(VLOOKUP(A21,Transaksi!$A$11:$F$1000,6,FALSE),"") | G21: =IFERROR(VLOOKUP(A21,Transaksi!$A$11:$G$1000,7,FALSE),"") | H21: =IFERROR(VLOOKUP(A21,Transaksi!$A$11:$H$1000,8,FALSE),"") | I21: =IF(F21="","",I20+G21-H21)
A22: =IFERROR(VLOOKUP($F$11,INDIRECT($B$9&$B$10&B21&":"&$B$11),14,FALSE),"") | B22: =IF(A22="","",A22+1) | C22: =IFERROR(VLOOKUP(A22,Transaksi!$A$11:$C$1000,3,FALSE),"") | D22: =IFERROR(VLOOKUP(A22,Transaksi!$A$11:$D$1000,4,FALSE),"") | E22: =IFERROR(VLOOKUP(A22,Transaksi!$A$11:$E$1000,5,FALSE),"") | F22: =IFERROR(VLOOKUP(A22,Transaksi!$A$11:$F$1000,6,FALSE),"") | G22: =IFERROR(VLOOKUP(A22,Transaksi!$A$11:$G$1000,7,FALSE),"") | H22: =IFERROR(VLOOKUP(A22,Transaksi!$A$11:$H$1000,8,FALSE),"") | I22: =IF(F22="","",I21+G22-H22)
A23: =IFERROR(VLOOKUP($F$11,INDIRECT($B$9&$B$10&B22&":"&$B$11),14,FALSE),"") | B23: =IF(A23="","",A23+1) | C23: =IFERROR(VLOOKUP(A23,Transaksi!$A$11:$C$1000,3,FALSE),"") | D23: =IFERROR(VLOOKUP(A23,Transaksi!$A$11:$D$1000,4,FALSE),"") | E23: =IFERROR(VLOOKUP(A23,Transaksi!$A$11:$E$1000,5,FALSE),"") | F23: =IFERROR(VLOOKUP(A23,Transaksi!$A$11:$F$1000,6,FALSE),"") | G23: =IFERROR(VLOOKUP(A23,Transaksi!$A$11:$G$1000,7,FALSE),"") | H23: =IFERROR(VLOOKUP(A23,Transaksi!$A$11:$H$1000,8,FALSE),"") | I23: =IF(F23="","",I22+G23-H23)
A24: =IFERROR(VLOOKUP($F$11,INDIRECT($B$9&$B$10&B23&":"&$B$11),14,FALSE),"") | B24: =IF(A24="","",A24+1) | C24: =IFERROR(VLOOKUP(A24,Transaksi!$A$11:$C$1000,3,FALSE),"") | D24: =IFERROR(VLOOKUP(A24,Transaksi!$A$11:$D$1000,4,FALSE),"") | E24: =IFERROR(VLOOKUP(A24,Transaksi!$A$11:$E$1000,5,FALSE),"") | F24: =IFERROR(VLOOKUP(A24,Transaksi!$A$11:$F$1000,6,FALSE),"") | G24: =IFERROR(VLOOKUP(A24,Transaksi!$A$11:$G$1000,7,FALSE),"") | H24: =IFERROR(VLOOKUP(A24,Transaksi!$A$11:$H$1000,8,FALSE),"") | I24: =IF(F24="","",I23+G24-H24)
A25: =IFERROR(VLOOKUP($F$11,INDIRECT($B$9&$B$10&B24&":"&$B$11),14,FALSE),"") | B25: =IF(A25="","",A25+1) | C25: =IFERROR(VLOOKUP(A25,Transaksi!$A$11:$C$1000,3,FALSE),"") | D25: =IFERROR(VLOOKUP(A25,Transaksi!$A$11:$D$1000,4,FALSE),"") | E25: =IFERROR(VLOOKUP(A25,Transaksi!$A$11:$E$1000,5,FALSE),"") | F25: =IFERROR(VLOOKUP(A25,Transaksi!$A$11:$F$1000,6,FALSE),"") | G25: =IFERROR(VLOOKUP(A25,Transaksi!$A$11:$G$1000,7,FALSE),"") | H25: =IFERROR(VLOOKUP(A25,Transaksi!$A$11:$H$1000,8,FALSE),"") | I25: =IF(F25="","",I24+G25-H25)
A26: =IFERROR(VLOOKUP($F$11,INDIRECT($B$9&$B$10&B25&":"&$B$11),14,FALSE),"") | B26: =IF(A26="","",A26+1) | C26: =IFERROR(VLOOKUP(A26,Transaksi!$A$11:$C$1000,3,FALSE),"") | D26: =IFERROR(VLOOKUP(A26,Transaksi!$A$11:$D$1000,4,FALSE),"") | E26: =IFERROR(VLOOKUP(A26,Transaksi!$A$11:$E$1000,5,FALSE),"") | F26: =IFERROR(VLOOKUP(A26,Transaksi!$A$11:$F$1000,6,FALSE),"") | G26: =IFERROR(VLOOKUP(A26,Transaksi!$A$11:$G$1000,7,FALSE),"") | H26: =IFERROR(VLOOKUP(A26,Transaksi!$A$11:$H$1000,8,FALSE),"") | I26: =IF(F26="","",I25+G26-H26)
A27: =IFERROR(VLOOKUP($F$11,INDIRECT($B$9&$B$10&B26&":"&$B$11),14,FALSE),"") | B27: =IF(A27="","",A27+1) | C27: =IFERROR(VLOOKUP(A27,Transaksi!$A$11:$C$1000,3,FALSE),"") | D27: =IFERROR(VLOOKUP(A27,Transaksi!$A$11:$D$1000,4,FALSE),"") | E27: =IFERROR(VLOOKUP(A27,Transaksi!$A$11:$E$1000,5,FALSE),"") | F27: =IFERROR(VLOOKUP(A27,Transaksi!$A$11:$F$1000,6,FALSE),"") | G27: =IFERROR(VLOOKUP(A27,Transaksi!$A$11:$G$1000,7,FALSE),"") | H27: =IFERROR(VLOOKUP(A27,Transaksi!$A$11:$H$1000,8,FALSE),"") | I27: =IF(F27="","",I26+G27-H27)
A28: =IFERROR(VLOOKUP($F$11,INDIRECT($B$9&$B$10&B27&":"&$B$11),14,FALSE),"") | B28: =IF(A28="","",A28+1) | C28: =IFERROR(VLOOKUP(A28,Transaksi!$A$11:$C$1000,3,FALSE),"") | D28: =IFERROR(VLOOKUP(A28,Transaksi!$A$11:$D$1000,4,FALSE),"") | E28: =IFERROR(VLOOKUP(A28,Transaksi!$A$11:$E$1000,5,FALSE),"") | F28: =IFERROR(VLOOKUP(A28,Transaksi!$A$11:$F$1000,6,FALSE),"") | G28: =IFERROR(VLOOKUP(A28,Transaksi!$A$11:$G$1000,7,FALSE),"") | H28: =IFERROR(VLOOKUP(A28,Transaksi!$A$11:$H$1000,8,FALSE),"") | I28: =IF(F28="","",I27+G28-H28)
... A115: =IFERROR(VLOOKUP($F$11,INDIRECT($B$9&$B$10&B114&":"&$B$11),14,FALSE),"") | B115: =IF(A115="","",A115+1) | C115: =IFERROR(VLOOKUP(A115,Transaksi!$A$11:$C$1000,3,FALSE),"") | D115: =IFERROR(VLOOKUP(A115,Transaksi!$A$11:$D$1000,4,FALSE),"") | E115: =IFERROR(VLOOKUP(A115,Transaksi!$A$11:$E$1000,5,FALSE),"") | F115: =IFERROR(VLOOKUP(A115,Transaksi!$A$11:$F$1000,6,FALSE),"") | G115: =IFERROR(VLOOKUP(A115,Transaksi!$A$11:$G$1000,7,FALSE),"") | H115: =IFERROR(VLOOKUP(A115,Transaksi!$A$11:$H$1000,8,FALSE),"") | I115: =IF(F115="","",I114+G115-H115)

Sheet BP Bahan Baku
C5: BUKU PEMBANTU DANA BAHAN BAKU/PANGAN
C6: =Transaksi!C5 -> Periode : 05-01-2026 s.d. 17-01-2026
C8: Nama SPPG | E8: =": "&Setup!C6 -> : Input Nama SPPG di sini
B9: Transaksi! | C9: ID SPPG | E9: =": "&Setup!C7 -> :
B10: U | C10: Alamat | E10: =": "&Setup!C8 -> :
B11: W1000 | D11: Jenis Buku Pembantu : | F11: Bahan Baku | G11: Total Belanja | H11: =SUM(G17:G216) -> 0
F12: =#REF! -> #REF!
F13: =#REF! -> #REF!
C15: Bulan | E15: No. Bukti | F15: Uraian Transaksi | G15: Jumlah | H15: Keterangan | I15: Keterangan
C16: 1 | E16: 2 | F16: 3 | G16: 4 | H16: 5 | I16: 8
A17: =IFERROR(VLOOKUP(F11,Transaksi!U11:W1000,3,FALSE),"") | B17: =IF(A17="","",A17+1) | C17: =IFERROR(VLOOKUP(A17,Transaksi!$A$11:$C$1000,3,FALSE),"") | D17: =IFERROR(VLOOKUP(A17,Transaksi!$A$11:$D$1000,4,FALSE),"") | E17: =IFERROR(VLOOKUP(A17,Transaksi!$A$11:$E$1000,5,FALSE),"") | F17: =IFERROR(VLOOKUP(A17,Transaksi!$A$11:$F$1000,6,FALSE),"") | G17: =IFERROR(VLOOKUP(A17,Transaksi!$A$11:$H$1000,8,FALSE),"") | H17: =IF(G17="","",1) | I17: =IF(#REF!+G17<>0,Transaksi!J11,"") -> #REF!
A18: =IFERROR(VLOOKUP($F$11,INDIRECT($B$9&$B$10&B17&":"&$B$11),3,FALSE),"") | B18: =IF(A18="","",A18+1) | C18: =IFERROR(VLOOKUP(A18,Transaksi!$A$11:$C$1000,3,FALSE),"") | D18: =IFERROR(VLOOKUP(A18,Transaksi!$A$11:$D$1000,4,FALSE),"") | E18: =IFERROR(VLOOKUP(A18,Transaksi!$A$11:$E$1000,5,FALSE),"") | F18: =IFERROR(VLOOKUP(A18,Transaksi!$A$11:$F$1000,6,FALSE),"") | G18: =IFERROR(VLOOKUP(A18,Transaksi!$A$11:$H$1000,8,FALSE),"") | H18: =IF(G18="","",1) | I18: =IF(#REF!+G18<>0,Transaksi!J12,"") -> #REF!
A19: =IFERROR(VLOOKUP($F$11,INDIRECT($B$9&$B$10&B18&":"&$B$11),3,FALSE),"") | B19: =IF(A19="","",A19+1) | C19: =IFERROR(VLOOKUP(A19,Transaksi!$A$11:$C$1000,3,FALSE),"") | D19: =IFERROR(VLOOKUP(A19,Transaksi!$A$11:$D$1000,4,FALSE),"") | E19: =IFERROR(VLOOKUP(A19,Transaksi!$A$11:$E$1000,5,FALSE),"") | F19: =IFERROR(VLOOKUP(A19,Transaksi!$A$11:$F$1000,6,FALSE),"") | G19: =IFERROR(VLOOKUP(A19,Transaksi!$A$11:$H$1000,8,FALSE),"") | H19: =IF(G19="","",1) | I19: =IF(#REF!+G19<>0,Transaksi!J13,"") -> #REF!
A20: =IFERROR(VLOOKUP($F$11,INDIRECT($B$9&$B$10&B19&":"&$B$11),3,FALSE),"") | B20: =IF(A20="","",A20+1) | C20: =IFERROR(VLOOKUP(A20,Transaksi!$A$11:$C$1000,3,FALSE),"") | D20: =IFERROR(VLOOKUP(A20,Transaksi!$A$11:$D$1000,4,FALSE),"") | E20: =IFERROR(VLOOKUP(A20,Transaksi!$A$11:$E$1000,5,FALSE),"") | F20: =IFERROR(VLOOKUP(A20,Transaksi!$A$11:$F$1000,6,FALSE),"") | G20: =IFERROR(VLOOKUP(A20,Transaksi!$A$11:$H$1000,8,FALSE),"") | H20: =IF(G20="","",1) | I20: =IF(#REF!+G20<>0,Transaksi!J14,"") -> #REF!
A21: =IFERROR(VLOOKUP($F$11,INDIRECT($B$9&$B$10&B20&":"&$B$11),3,FALSE),"") | B21: =IF(A21="","",A21+1) | C21: =IFERROR(VLOOKUP(A21,Transaksi!$A$11:$C$1000,3,FALSE),"") | D21: =IFERROR(VLOOKUP(A21,Transaksi!$A$11:$D$1000,4,FALSE),"") | E21: =IFERROR(VLOOKUP(A21,Transaksi!$A$11:$E$1000,5,FALSE),"") | F21: =IFERROR(VLOOKUP(A21,Transaksi!$A$11:$F$1000,6,FALSE),"") | G21: =IFERROR(VLOOKUP(A21,Transaksi!$A$11:$H$1000,8,FALSE),"") | H21: =IF(G21="","",1) | I21: =IF(#REF!+G21<>0,Transaksi!J15,"") -> #REF!
A22: =IFERROR(VLOOKUP($F$11,INDIRECT($B$9&$B$10&B21&":"&$B$11),3,FALSE),"") | B22: =IF(A22="","",A22+1) | C22: =IFERROR(VLOOKUP(A22,Transaksi!$A$11:$C$1000,3,FALSE),"") | D22: =IFERROR(VLOOKUP(A22,Transaksi!$A$11:$D$1000,4,FALSE),"") | E22: =IFERROR(VLOOKUP(A22,Transaksi!$A$11:$E$1000,5,FALSE),"") | F22: =IFERROR(VLOOKUP(A22,Transaksi!$A$11:$F$1000,6,FALSE),"") | G22: =IFERROR(VLOOKUP(A22,Transaksi!$A$11:$H$1000,8,FALSE),"") | H22: =IF(G22="","",1) | I22: =IF(#REF!+G22<>0,Transaksi!J16,"") -> #REF!
A23: =IFERROR(VLOOKUP($F$11,INDIRECT($B$9&$B$10&B22&":"&$B$11),3,FALSE),"") | B23: =IF(A23="","",A23+1) | C23: =IFERROR(VLOOKUP(A23,Transaksi!$A$11:$C$1000,3,FALSE),"") | D23: =IFERROR(VLOOKUP(A23,Transaksi!$A$11:$D$1000,4,FALSE),"") | E23: =IFERROR(VLOOKUP(A23,Transaksi!$A$11:$E$1000,5,FALSE),"") | F23: =IFERROR(VLOOKUP(A23,Transaksi!$A$11:$F$1000,6,FALSE),"") | G23: =IFERROR(VLOOKUP(A23,Transaksi!$A$11:$H$1000,8,FALSE),"") | H23: =IF(G23="","",1) | I23: =IF(#REF!+G23<>0,Transaksi!J17,"") -> #REF!
A24: =IFERROR(VLOOKUP($F$11,INDIRECT($B$9&$B$10&B23&":"&$B$11),3,FALSE),"") | B24: =IF(A24="","",A24+1) | C24: =IFERROR(VLOOKUP(A24,Transaksi!$A$11:$C$1000,3,FALSE),"") | D24: =IFERROR(VLOOKUP(A24,Transaksi!$A$11:$D$1000,4,FALSE),"") | E24: =IFERROR(VLOOKUP(A24,Transaksi!$A$11:$E$1000,5,FALSE),"") | F24: =IFERROR(VLOOKUP(A24,Transaksi!$A$11:$F$1000,6,FALSE),"") | G24: =IFERROR(VLOOKUP(A24,Transaksi!$A$11:$H$1000,8,FALSE),"") | H24: =IF(G24="","",1) | I24: =IF(#REF!+G24<>0,Transaksi!J18,"") -> #REF!
A25: =IFERROR(VLOOKUP($F$11,INDIRECT($B$9&$B$10&B24&":"&$B$11),3,FALSE),"") | B25: =IF(A25="","",A25+1) | C25: =IFERROR(VLOOKUP(A25,Transaksi!$A$11:$C$1000,3,FALSE),"") | D25: =IFERROR(VLOOKUP(A25,Transaksi!$A$11:$D$1000,4,FALSE),"") | E25: =IFERROR(VLOOKUP(A25,Transaksi!$A$11:$E$1000,5,FALSE),"") | F25: =IFERROR(VLOOKUP(A25,Transaksi!$A$11:$F$1000,6,FALSE),"") | G25: =IFERROR(VLOOKUP(A25,Transaksi!$A$11:$H$1000,8,FALSE),"") | H25: =IF(G25="","",1) | I25: =IF(#REF!+G25<>0,Transaksi!J19,"") -> #REF!
A26: =IFERROR(VLOOKUP($F$11,INDIRECT($B$9&$B$10&B25&":"&$B$11),3,FALSE),"") | B26: =IF(A26="","",A26+1) | C26: =IFERROR(VLOOKUP(A26,Transaksi!$A$11:$C$1000,3,FALSE),"") | D26: =IFERROR(VLOOKUP(A26,Transaksi!$A$11:$D$1000,4,FALSE),"") | E26: =IFERROR(VLOOKUP(A26,Transaksi!$A$11:$E$1000,5,FALSE),"") | F26: =IFERROR(VLOOKUP(A26,Transaksi!$A$11:$F$1000,6,FALSE),"") | G26: =IFERROR(VLOOKUP(A26,Transaksi!$A$11:$H$1000,8,FALSE),"") | H26: =IF(G26="","",1) | I26: =IF(#REF!+G26<>0,Transaksi!J20,"") -> #REF!
A27: =IFERROR(VLOOKUP($F$11,INDIRECT($B$9&$B$10&B26&":"&$B$11),3,FALSE),"") | B27: =IF(A27="","",A27+1) | C27: =IFERROR(VLOOKUP(A27,Transaksi!$A$11:$C$1000,3,FALSE),"") | D27: =IFERROR(VLOOKUP(A27,Transaksi!$A$11:$D$1000,4,FALSE),"") | E27: =IFERROR(VLOOKUP(A27,Transaksi!$A$11:$E$1000,5,FALSE),"") | F27: =IFERROR(VLOOKUP(A27,Transaksi!$A$11:$F$1000,6,FALSE),"") | G27: =IFERROR(VLOOKUP(A27,Transaksi!$A$11:$H$1000,8,FALSE),"") | H27: =IF(G27="","",1) | I27: =IF(#REF!+G27<>0,Transaksi!J21,"") -> #REF!
A28: =IFERROR(VLOOKUP($F$11,INDIRECT($B$9&$B$10&B27&":"&$B$11),3,FALSE),"") | B28: =IF(A28="","",A28+1) | C28: =IFERROR(VLOOKUP(A28,Transaksi!$A$11:$C$1000,3,FALSE),"") | D28: =IFERROR(VLOOKUP(A28,Transaksi!$A$11:$D$1000,4,FALSE),"") | E28: =IFERROR(VLOOKUP(A28,Transaksi!$A$11:$E$1000,5,FALSE),"") | F28: =IFERROR(VLOOKUP(A28,Transaksi!$A$11:$F$1000,6,FALSE),"") | G28: =IFERROR(VLOOKUP(A28,Transaksi!$A$11:$H$1000,8,FALSE),"") | H28: =IF(G28="","",1) | I28: =IF(#REF!+G28<>0,Transaksi!J22,"") -> #REF!
A29: =IFERROR(VLOOKUP($F$11,INDIRECT($B$9&$B$10&B28&":"&$B$11),3,FALSE),"") | B29: =IF(A29="","",A29+1) | C29: =IFERROR(VLOOKUP(A29,Transaksi!$A$11:$C$1000,3,FALSE),"") | D29: =IFERROR(VLOOKUP(A29,Transaksi!$A$11:$D$1000,4,FALSE),"") | E29: =IFERROR(VLOOKUP(A29,Transaksi!$A$11:$E$1000,5,FALSE),"") | F29: =IFERROR(VLOOKUP(A29,Transaksi!$A$11:$F$1000,6,FALSE),"") | G29: =IFERROR(VLOOKUP(A29,Transaksi!$A$11:$H$1000,8,FALSE),"") | H29: =IF(G29="","",1) | I29: =IF(#REF!+G29<>0,Transaksi!J23,"") -> #REF!
... A216: =IFERROR(VLOOKUP($F$11,INDIRECT($B$9&$B$10&B215&":"&$B$11),3,FALSE),"") | B216: =IF(A216="","",A216+1) | C216: =IFERROR(VLOOKUP(A216,Transaksi!$A$11:$C$1000,3,FALSE),"") | D216: =IFERROR(VLOOKUP(A216,Transaksi!$A$11:$D$1000,4,FALSE),"") | E216: =IFERROR(VLOOKUP(A216,Transaksi!$A$11:$E$1000,5,FALSE),"") | F216: =IFERROR(VLOOKUP(A216,Transaksi!$A$11:$F$1000,6,FALSE),"") | G216: =IFERROR(VLOOKUP(A216,Transaksi!$A$11:$H$1000,8,FALSE),"") | H216: =IF(G216="","",1) | I216: =IF(#REF!+G216<>0,Transaksi!J210,"") -> #REF!

Sheet BP Operasional
C5: BUKU PEMBANTU DANA OPERASIONAL
C6: =Transaksi!C5 -> Periode : 05-01-2026 s.d. 17-01-2026
C8: Nama SPPG | E8: =": "&Setup!C6 -> : Input Nama SPPG di sini
B9: Transaksi! | C9: ID SPPG | E9: =": "&Setup!C7 -> :
B10: U | C10: Alamat | E10: =": "&Setup!C8 -> :
B11: W1000 | D11: Jenis Buku Pembantu : | F11: Operasional | G11: Total Belanja | H11: =SUM(G17:G115) -> 0
F12: =#REF! -> #REF!
F13: =#REF! -> #REF!
C15: Bulan | E15: No. Bukti | F15: Uraian Transaksi | G15: Jumlah | H15: Keterangan | I15: Keterangan
C16: 1 | E16: 2 | F16: 3 | G16: 4 | H16: 5 | I16: 8
A17: =IFERROR(VLOOKUP(F11,Transaksi!U11:W1000,3,FALSE),"") | B17: =IF(A17="","",A17+1) | C17: =IFERROR(VLOOKUP(A17,Transaksi!$A$11:$C$1000,3,FALSE),"") | D17: =IFERROR(VLOOKUP(A17,Transaksi!$A$11:$D$1000,4,FALSE),"") | E17: =IFERROR(VLOOKUP(A17,Transaksi!$A$11:$E$1000,5,FALSE),"") | F17: =IFERROR(VLOOKUP(A17,Transaksi!$A$11:$F$1000,6,FALSE),"") | G17: =IFERROR(VLOOKUP(A17,Transaksi!$A$11:$H$1000,8,FALSE),"") | H17: =IF(G17="","",1) | I17: =IF(#REF!+G17<>0,Transaksi!J11,"") -> #REF!
A18: =IFERROR(VLOOKUP($F$11,INDIRECT($B$9&$B$10&B17&":"&$B$11),3,FALSE),"") | B18: =IF(A18="","",A18+1) | C18: =IFERROR(VLOOKUP(A18,Transaksi!$A$11:$C$1000,3,FALSE),"") | D18: =IFERROR(VLOOKUP(A18,Transaksi!$A$11:$D$1000,4,FALSE),"") | E18: =IFERROR(VLOOKUP(A18,Transaksi!$A$11:$E$1000,5,FALSE),"") | F18: =IFERROR(VLOOKUP(A18,Transaksi!$A$11:$F$1000,6,FALSE),"") | G18: =IFERROR(VLOOKUP(A18,Transaksi!$A$11:$H$1000,8,FALSE),"") | H18: =IF(G18="","",1) | I18: =IF(#REF!+G18<>0,Transaksi!J12,"") -> #REF!
A19: =IFERROR(VLOOKUP($F$11,INDIRECT($B$9&$B$10&B18&":"&$B$11),3,FALSE),"") | B19: =IF(A19="","",A19+1) | C19: =IFERROR(VLOOKUP(A19,Transaksi!$A$11:$C$1000,3,FALSE),"") | D19: =IFERROR(VLOOKUP(A19,Transaksi!$A$11:$D$1000,4,FALSE),"") | E19: =IFERROR(VLOOKUP(A19,Transaksi!$A$11:$E$1000,5,FALSE),"") | F19: =IFERROR(VLOOKUP(A19,Transaksi!$A$11:$F$1000,6,FALSE),"") | G19: =IFERROR(VLOOKUP(A19,Transaksi!$A$11:$H$1000,8,FALSE),"") | H19: =IF(G19="","",1) | I19: =IF(#REF!+G19<>0,Transaksi!J13,"") -> #REF!
A20: =IFERROR(VLOOKUP($F$11,INDIRECT($B$9&$B$10&B19&":"&$B$11),3,FALSE),"") | B20: =IF(A20="","",A20+1) | C20: =IFERROR(VLOOKUP(A20,Transaksi!$A$11:$C$1000,3,FALSE),"") | D20: =IFERROR(VLOOKUP(A20,Transaksi!$A$11:$D$1000,4,FALSE),"") | E20: =IFERROR(VLOOKUP(A20,Transaksi!$A$11:$E$1000,5,FALSE),"") | F20: =IFERROR(VLOOKUP(A20,Transaksi!$A$11:$F$1000,6,FALSE),"") | G20: =IFERROR(VLOOKUP(A20,Transaksi!$A$11:$H$1000,8,FALSE),"") | H20: =IF(G20="","",1) | I20: =IF(#REF!+G20<>0,Transaksi!J14,"") -> #REF!
A21: =IFERROR(VLOOKUP($F$11,INDIRECT($B$9&$B$10&B20&":"&$B$11),3,FALSE),"") | B21: =IF(A21="","",A21+1) | C21: =IFERROR(VLOOKUP(A21,Transaksi!$A$11:$C$1000,3,FALSE),"") | D21: =IFERROR(VLOOKUP(A21,Transaksi!$A$11:$D$1000,4,FALSE),"") | E21: =IFERROR(VLOOKUP(A21,Transaksi!$A$11:$E$1000,5,FALSE),"") | F21: =IFERROR(VLOOKUP(A21,Transaksi!$A$11:$F$1000,6,FALSE),"") | G21: =IFERROR(VLOOKUP(A21,Transaksi!$A$11:$H$1000,8,FALSE),"") | H21: =IF(G21="","",1) | I21: =IF(#REF!+G21<>0,Transaksi!J15,"") -> #REF!
A22: =IFERROR(VLOOKUP($F$11,INDIRECT($B$9&$B$10&B21&":"&$B$11),3,FALSE),"") | B22: =IF(A22="","",A22+1) | C22: =IFERROR(VLOOKUP(A22,Transaksi!$A$11:$C$1000,3,FALSE),"") | D22: =IFERROR(VLOOKUP(A22,Transaksi!$A$11:$D$1000,4,FALSE),"") | E22: =IFERROR(VLOOKUP(A22,Transaksi!$A$11:$E$1000,5,FALSE),"") | F22: =IFERROR(VLOOKUP(A22,Transaksi!$A$11:$F$1000,6,FALSE),"") | G22: =IFERROR(VLOOKUP(A22,Transaksi!$A$11:$H$1000,8,FALSE),"") | H22: =IF(G22="","",1) | I22: =IF(#REF!+G22<>0,Transaksi!J16,"") -> #REF!
A23: =IFERROR(VLOOKUP($F$11,INDIRECT($B$9&$B$10&B22&":"&$B$11),3,FALSE),"") | B23: =IF(A23="","",A23+1) | C23: =IFERROR(VLOOKUP(A23,Transaksi!$A$11:$C$1000,3,FALSE),"") | D23: =IFERROR(VLOOKUP(A23,Transaksi!$A$11:$D$1000,4,FALSE),"") | E23: =IFERROR(VLOOKUP(A23,Transaksi!$A$11:$E$1000,5,FALSE),"") | F23: =IFERROR(VLOOKUP(A23,Transaksi!$A$11:$F$1000,6,FALSE),"") | G23: =IFERROR(VLOOKUP(A23,Transaksi!$A$11:$H$1000,8,FALSE),"") | H23: =IF(G23="","",1) | I23: =IF(#REF!+G23<>0,Transaksi!J17,"") -> #REF!
A24: =IFERROR(VLOOKUP($F$11,INDIRECT($B$9&$B$10&B23&":"&$B$11),3,FALSE),"") | B24: =IF(A24="","",A24+1) | C24: =IFERROR(VLOOKUP(A24,Transaksi!$A$11:$C$1000,3,FALSE),"") | D24: =IFERROR(VLOOKUP(A24,Transaksi!$A$11:$D$1000,4,FALSE),"") | E24: =IFERROR(VLOOKUP(A24,Transaksi!$A$11:$E$1000,5,FALSE),"") | F24: =IFERROR(VLOOKUP(A24,Transaksi!$A$11:$F$1000,6,FALSE),"") | G24: =IFERROR(VLOOKUP(A24,Transaksi!$A$11:$H$1000,8,FALSE),"") | H24: =IF(G24="","",1) | I24: =IF(#REF!+G24<>0,Transaksi!J18,"") -> #REF!
A25: =IFERROR(VLOOKUP($F$11,INDIRECT($B$9&$B$10&B24&":"&$B$11),3,FALSE),"") | B25: =IF(A25="","",A25+1) | C25: =IFERROR(VLOOKUP(A25,Transaksi!$A$11:$C$1000,3,FALSE),"") | D25: =IFERROR(VLOOKUP(A25,Transaksi!$A$11:$D$1000,4,FALSE),"") | E25: =IFERROR(VLOOKUP(A25,Transaksi!$A$11:$E$1000,5,FALSE),"") | F25: =IFERROR(VLOOKUP(A25,Transaksi!$A$11:$F$1000,6,FALSE),"") | G25: =IFERROR(VLOOKUP(A25,Transaksi!$A$11:$H$1000,8,FALSE),"") | H25: =IF(G25="","",1) | I25: =IF(#REF!+G25<>0,Transaksi!J19,"") -> #REF!
A26: =IFERROR(VLOOKUP($F$11,INDIRECT($B$9&$B$10&B25&":"&$B$11),3,FALSE),"") | B26: =IF(A26="","",A26+1) | C26: =IFERROR(VLOOKUP(A26,Transaksi!$A$11:$C$1000,3,FALSE),"") | D26: =IFERROR(VLOOKUP(A26,Transaksi!$A$11:$D$1000,4,FALSE),"") | E26: =IFERROR(VLOOKUP(A26,Transaksi!$A$11:$E$1000,5,FALSE),"") | F26: =IFERROR(VLOOKUP(A26,Transaksi!$A$11:$F$1000,6,FALSE),"") | G26: =IFERROR(VLOOKUP(A26,Transaksi!$A$11:$H$1000,8,FALSE),"") | H26: =IF(G26="","",1) | I26: =IF(#REF!+G26<>0,Transaksi!J20,"") -> #REF!
A27: =IFERROR(VLOOKUP($F$11,INDIRECT($B$9&$B$10&B26&":"&$B$11),3,FALSE),"") | B27: =IF(A27="","",A27+1) | C27: =IFERROR(VLOOKUP(A27,Transaksi!$A$11:$C$1000,3,FALSE),"") | D27: =IFERROR(VLOOKUP(A27,Transaksi!$A$11:$D$1000,4,FALSE),"") | E27: =IFERROR(VLOOKUP(A27,Transaksi!$A$11:$E$1000,5,FALSE),"") | F27: =IFERROR(VLOOKUP(A27,Transaksi!$A$11:$F$1000,6,FALSE),"") | G27: =IFERROR(VLOOKUP(A27,Transaksi!$A$11:$H$1000,8,FALSE),"") | H27: =IF(G27="","",1) | I27: =IF(#REF!+G27<>0,Transaksi!J21,"") -> #REF!
A28: =IFERROR(VLOOKUP($F$11,INDIRECT($B$9&$B$10&B27&":"&$B$11),3,FALSE),"") | B28: =IF(A28="","",A28+1) | C28: =IFERROR(VLOOKUP(A28,Transaksi!$A$11:$C$1000,3,FALSE),"") | D28: =IFERROR(VLOOKUP(A28,Transaksi!$A$11:$D$1000,4,FALSE),"") | E28: =IFERROR(VLOOKUP(A28,Transaksi!$A$11:$E$1000,5,FALSE),"") | F28: =IFERROR(VLOOKUP(A28,Transaksi!$A$11:$F$1000,6,FALSE),"") | G28: =IFERROR(VLOOKUP(A28,Transaksi!$A$11:$H$1000,8,FALSE),"") | H28: =IF(G28="","",1) | I28: =IF(#REF!+G28<>0,Transaksi!J22,"") -> #REF!
A29: =IFERROR(VLOOKUP($F$11,INDIRECT($B$9&$B$10&B28&":"&$B$11),3,FALSE),"") | B29: =IF(A29="","",A29+1) | C29: =IFERROR(VLOOKUP(A29,Transaksi!$A$11:$C$1000,3,FALSE),"") | D29: =IFERROR(VLOOKUP(A29,Transaksi!$A$11:$D$1000,4,FALSE),"") | E29: =IFERROR(VLOOKUP(A29,Transaksi!$A$11:$E$1000,5,FALSE),"") | F29: =IFERROR(VLOOKUP(A29,Transaksi!$A$11:$F$1000,6,FALSE),"") | G29: =IFERROR(VLOOKUP(A29,Transaksi!$A$11:$H$1000,8,FALSE),"") | H29: =IF(G29="","",1) | I29: =IF(#REF!+G29<>0,Transaksi!J23,"") -> #REF!
... A116: =IFERROR(VLOOKUP($F$11,INDIRECT($B$9&$B$10&B115&":"&$B$11),3,FALSE),"") | B116: =IF(A116="","",A116+1) | C116: =IFERROR(VLOOKUP(A116,Transaksi!$A$11:$C$1000,3,FALSE),"") | D116: =IFERROR(VLOOKUP(A116,Transaksi!$A$11:$D$1000,4,FALSE),"") | E116: =IFERROR(VLOOKUP(A116,Transaksi!$A$11:$E$1000,5,FALSE),"") | F116: =IFERROR(VLOOKUP(A116,Transaksi!$A$11:$F$1000,6,FALSE),"") | G116: =IFERROR(VLOOKUP(A116,Transaksi!$A$11:$H$1000,8,FALSE),"") | H116: =IF(G116="","",1) | I116: =IF(#REF!+G116<>0,Transaksi!J110,"") -> #REF!

Sheet BP Fasilitas
C5: BUKU PEMBANTU DANA INSENTIF FASILITAS
C6: =Transaksi!C5 -> Periode : 05-01-2026 s.d. 17-01-2026
C8: Nama SPPG | E8: =": "&Setup!C6 -> : Input Nama SPPG di sini
B9: Transaksi! | C9: ID SPPG | E9: =": "&Setup!C7 -> :
B10: U | C10: Alamat | E10: =": "&Setup!C8 -> :
B11: W1000 | D11: Jenis Buku Pembantu : | F11: Insentif Fasilitas | G11: Total Belanja | H11: =SUM(G17:G115) -> 0
F12: =#REF! -> #REF!
F13: =#REF! -> #REF!
C15: Bulan | E15: No. Bukti | F15: Uraian Transaksi | G15: Jumlah | H15: Keterangan | I15: Keterangan
C16: 1 | E16: 2 | F16: 3 | G16: 4 | H16: 5 | I16: 8
A17: =IFERROR(VLOOKUP(F11,Transaksi!U11:W1000,3,FALSE),"") | B17: =IF(A17="","",A17+1) | C17: =IFERROR(VLOOKUP(A17,Transaksi!$A$11:$C$1000,3,FALSE),"") | D17: =IFERROR(VLOOKUP(A17,Transaksi!$A$11:$D$1000,4,FALSE),"") | E17: =IFERROR(VLOOKUP(A17,Transaksi!$A$11:$E$1000,5,FALSE),"") | F17: =IFERROR(VLOOKUP(A17,Transaksi!$A$11:$F$1000,6,FALSE),"") | G17: =IFERROR(VLOOKUP(A17,Transaksi!$A$11:$H$1000,8,FALSE),"") | H17: =IF(G17="","",1) | I17: =IF(#REF!+G17<>0,Transaksi!J11,"") -> #REF!
A18: =IFERROR(VLOOKUP($F$11,INDIRECT($B$9&$B$10&B17&":"&$B$11),3,FALSE),"") | B18: =IF(A18="","",A18+1) | C18: =IFERROR(VLOOKUP(A18,Transaksi!$A$11:$C$1000,3,FALSE),"") | D18: =IFERROR(VLOOKUP(A18,Transaksi!$A$11:$D$1000,4,FALSE),"") | E18: =IFERROR(VLOOKUP(A18,Transaksi!$A$11:$E$1000,5,FALSE),"") | F18: =IFERROR(VLOOKUP(A18,Transaksi!$A$11:$F$1000,6,FALSE),"") | G18: =IFERROR(VLOOKUP(A18,Transaksi!$A$11:$H$1000,8,FALSE),"") | H18: =IF(G18="","",1) | I18: =IF(#REF!+G18<>0,Transaksi!J12,"") -> #REF!
A19: =IFERROR(VLOOKUP($F$11,INDIRECT($B$9&$B$10&B18&":"&$B$11),3,FALSE),"") | B19: =IF(A19="","",A19+1) | C19: =IFERROR(VLOOKUP(A19,Transaksi!$A$11:$C$1000,3,FALSE),"") | D19: =IFERROR(VLOOKUP(A19,Transaksi!$A$11:$D$1000,4,FALSE),"") | E19: =IFERROR(VLOOKUP(A19,Transaksi!$A$11:$E$1000,5,FALSE),"") | F19: =IFERROR(VLOOKUP(A19,Transaksi!$A$11:$F$1000,6,FALSE),"") | G19: =IFERROR(VLOOKUP(A19,Transaksi!$A$11:$H$1000,8,FALSE),"") | H19: =IF(G19="","",1) | I19: =IF(#REF!+G19<>0,Transaksi!J13,"") -> #REF!
A20: =IFERROR(VLOOKUP($F$11,INDIRECT($B$9&$B$10&B19&":"&$B$11),3,FALSE),"") | B20: =IF(A20="","",A20+1) | C20: =IFERROR(VLOOKUP(A20,Transaksi!$A$11:$C$1000,3,FALSE),"") | D20: =IFERROR(VLOOKUP(A20,Transaksi!$A$11:$D$1000,4,FALSE),"") | E20: =IFERROR(VLOOKUP(A20,Transaksi!$A$11:$E$1000,5,FALSE),"") | F20: =IFERROR(VLOOKUP(A20,Transaksi!$A$11:$F$1000,6,FALSE),"") | G20: =IFERROR(VLOOKUP(A20,Transaksi!$A$11:$H$1000,8,FALSE),"") | H20: =IF(G20="","",1) | I20: =IF(#REF!+G20<>0,Transaksi!J14,"") -> #REF!
A21: =IFERROR(VLOOKUP($F$11,INDIRECT($B$9&$B$10&B20&":"&$B$11),3,FALSE),"") | B21: =IF(A21="","",A21+1) | C21: =IFERROR(VLOOKUP(A21,Transaksi!$A$11:$C$1000,3,FALSE),"") | D21: =IFERROR(VLOOKUP(A21,Transaksi!$A$11:$D$1000,4,FALSE),"") | E21: =IFERROR(VLOOKUP(A21,Transaksi!$A$11:$E$1000,5,FALSE),"") | F21: =IFERROR(VLOOKUP(A21,Transaksi!$A$11:$F$1000,6,FALSE),"") | G21: =IFERROR(VLOOKUP(A21,Transaksi!$A$11:$H$1000,8,FALSE),"") | H21: =IF(G21="","",1) | I21: =IF(#REF!+G21<>0,Transaksi!J15,"") -> #REF!
A22: =IFERROR(VLOOKUP($F$11,INDIRECT($B$9&$B$10&B21&":"&$B$11),3,FALSE),"") | B22: =IF(A22="","",A22+1) | C22: =IFERROR(VLOOKUP(A22,Transaksi!$A$11:$C$1000,3,FALSE),"") | D22: =IFERROR(VLOOKUP(A22,Transaksi!$A$11:$D$1000,4,FALSE),"") | E22: =IFERROR(VLOOKUP(A22,Transaksi!$A$11:$E$1000,5,FALSE),"") | F22: =IFERROR(VLOOKUP(A22,Transaksi!$A$11:$F$1000,6,FALSE),"") | G22: =IFERROR(VLOOKUP(A22,Transaksi!$A$11:$H$1000,8,FALSE),"") | H22: =IF(G22="","",1) | I22: =IF(#REF!+G22<>0,Transaksi!J16,"") -> #REF!
A23: =IFERROR(VLOOKUP($F$11,INDIRECT($B$9&$B$10&B22&":"&$B$11),3,FALSE),"") | B23: =IF(A23="","",A23+1) | C23: =IFERROR(VLOOKUP(A23,Transaksi!$A$11:$C$1000,3,FALSE),"") | D23: =IFERROR(VLOOKUP(A23,Transaksi!$A$11:$D$1000,4,FALSE),"") | E23: =IFERROR(VLOOKUP(A23,Transaksi!$A$11:$E$1000,5,FALSE),"") | F23: =IFERROR(VLOOKUP(A23,Transaksi!$A$11:$F$1000,6,FALSE),"") | G23: =IFERROR(VLOOKUP(A23,Transaksi!$A$11:$H$1000,8,FALSE),"") | H23: =IF(G23="","",1) | I23: =IF(#REF!+G23<>0,Transaksi!J17,"") -> #REF!
A24: =IFERROR(VLOOKUP($F$11,INDIRECT($B$9&$B$10&B23&":"&$B$11),3,FALSE),"") | B24: =IF(A24="","",A24+1) | C24: =IFERROR(VLOOKUP(A24,Transaksi!$A$11:$C$1000,3,FALSE),"") | D24: =IFERROR(VLOOKUP(A24,Transaksi!$A$11:$D$1000,4,FALSE),"") | E24: =IFERROR(VLOOKUP(A24,Transaksi!$A$11:$E$1000,5,FALSE),"") | F24: =IFERROR(VLOOKUP(A24,Transaksi!$A$11:$F$1000,6,FALSE),"") | G24: =IFERROR(VLOOKUP(A24,Transaksi!$A$11:$H$1000,8,FALSE),"") | H24: =IF(G24="","",1) | I24: =IF(#REF!+G24<>0,Transaksi!J18,"") -> #REF!
A25: =IFERROR(VLOOKUP($F$11,INDIRECT($B$9&$B$10&B24&":"&$B$11),3,FALSE),"") | B25: =IF(A25="","",A25+1) | C25: =IFERROR(VLOOKUP(A25,Transaksi!$A$11:$C$1000,3,FALSE),"") | D25: =IFERROR(VLOOKUP(A25,Transaksi!$A$11:$D$1000,4,FALSE),"") | E25: =IFERROR(VLOOKUP(A25,Transaksi!$A$11:$E$1000,5,FALSE),"") | F25: =IFERROR(VLOOKUP(A25,Transaksi!$A$11:$F$1000,6,FALSE),"") | G25: =IFERROR(VLOOKUP(A25,Transaksi!$A$11:$H$1000,8,FALSE),"") | H25: =IF(G25="","",1) | I25: =IF(#REF!+G25<>0,Transaksi!J19,"") -> #REF!
A26: =IFERROR(VLOOKUP($F$11,INDIRECT($B$9&$B$10&B25&":"&$B$11),3,FALSE),"") | B26: =IF(A26="","",A26+1) | C26: =IFERROR(VLOOKUP(A26,Transaksi!$A$11:$C$1000,3,FALSE),"") | D26: =IFERROR(VLOOKUP(A26,Transaksi!$A$11:$D$1000,4,FALSE),"") | E26: =IFERROR(VLOOKUP(A26,Transaksi!$A$11:$E$1000,5,FALSE),"") | F26: =IFERROR(VLOOKUP(A26,Transaksi!$A$11:$F$1000,6,FALSE),"") | G26: =IFERROR(VLOOKUP(A26,Transaksi!$A$11:$H$1000,8,FALSE),"") | H26: =IF(G26="","",1) | I26: =IF(#REF!+G26<>0,Transaksi!J20,"") -> #REF!
A27: =IFERROR(VLOOKUP($F$11,INDIRECT($B$9&$B$10&B26&":"&$B$11),3,FALSE),"") | B27: =IF(A27="","",A27+1) | C27: =IFERROR(VLOOKUP(A27,Transaksi!$A$11:$C$1000,3,FALSE),"") | D27: =IFERROR(VLOOKUP(A27,Transaksi!$A$11:$D$1000,4,FALSE),"") | E27: =IFERROR(VLOOKUP(A27,Transaksi!$A$11:$E$1000,5,FALSE),"") | F27: =IFERROR(VLOOKUP(A27,Transaksi!$A$11:$F$1000,6,FALSE),"") | G27: =IFERROR(VLOOKUP(A27,Transaksi!$A$11:$H$1000,8,FALSE),"") | H27: =IF(G27="","",1) | I27: =IF(#REF!+G27<>0,Transaksi!J21,"") -> #REF!
A28: =IFERROR(VLOOKUP($F$11,INDIRECT($B$9&$B$10&B27&":"&$B$11),3,FALSE),"") | B28: =IF(A28="","",A28+1) | C28: =IFERROR(VLOOKUP(A28,Transaksi!$A$11:$C$1000,3,FALSE),"") | D28: =IFERROR(VLOOKUP(A28,Transaksi!$A$11:$D$1000,4,FALSE),"") | E28: =IFERROR(VLOOKUP(A28,Transaksi!$A$11:$E$1000,5,FALSE),"") | F28: =IFERROR(VLOOKUP(A28,Transaksi!$A$11:$F$1000,6,FALSE),"") | G28: =IFERROR(VLOOKUP(A28,Transaksi!$A$11:$H$1000,8,FALSE),"") | H28: =IF(G28="","",1) | I28: =IF(#REF!+G28<>0,Transaksi!J22,"") -> #REF!
A29: =IFERROR(VLOOKUP($F$11,INDIRECT($B$9&$B$10&B28&":"&$B$11),3,FALSE),"") | B29: =IF(A29="","",A29+1) | C29: =IFERROR(VLOOKUP(A29,Transaksi!$A$11:$C$1000,3,FALSE),"") | D29: =IFERROR(VLOOKUP(A29,Transaksi!$A$11:$D$1000,4,FALSE),"") | E29: =IFERROR(VLOOKUP(A29,Transaksi!$A$11:$E$1000,5,FALSE),"") | F29: =IFERROR(VLOOKUP(A29,Transaksi!$A$11:$F$1000,6,FALSE),"") | G29: =IFERROR(VLOOKUP(A29,Transaksi!$A$11:$H$1000,8,FALSE),"") | H29: =IF(G29="","",1) | I29: =IF(#REF!+G29<>0,Transaksi!J23,"") -> #REF!
... A116: =IFERROR(VLOOKUP($F$11,INDIRECT($B$9&$B$10&B115&":"&$B$11),3,FALSE),"") | B116: =IF(A116="","",A116+1) | C116: =IFERROR(VLOOKUP(A116,Transaksi!$A$11:$C$1000,3,FALSE),"") | D116: =IFERROR(VLOOKUP(A116,Transaksi!$A$11:$D$1000,4,FALSE),"") | E116: =IFERROR(VLOOKUP(A116,Transaksi!$A$11:$E$1000,5,FALSE),"") | F116: =IFERROR(VLOOKUP(A116,Transaksi!$A$11:$F$1000,6,FALSE),"") | G116: =IFERROR(VLOOKUP(A116,Transaksi!$A$11:$H$1000,8,FALSE),"") | H116: =IF(G116="","",1) | I116: =IF(#REF!+G116<>0,Transaksi!J110,"") -> #REF!

Sheet BP Pajak
C5: BUKU PEMBANTU PAJAK
C6: =Transaksi!C5 -> Periode : 05-01-2026 s.d. 17-01-2026
C8: Nama Lembaga | E8: =": "&Setup!C6 -> : Input Nama SPPG di sini
C9: Alamat | E9: =": "&Setup!C8 -> :
H10: Saldo Awal | I10: =IF(F11="","",VLOOKUP(F11,#REF!,2,FALSE)) -> #REF!
D11: Jenis Pajak : | F11: Pungutan/Setoran PPN | H11: Saldo Akhir | I11: =I2795 -> #REF!
C13: Bulan | D13: Tgl | E13: No. Bukti | F13: Uraian Transaksi | G13: Debet | H13: Kredit | I13: Saldo | J13: Keterangan
C14: 1 | D14: 2 | E14: 3 | F14: 4 | G14: 5 | H14: 6 | I14: 7 | J14: 8
C15: x | F15: SALDO AWAL BULAN BERJALAN | G15: =I10 -> #REF! | H15: 0 | I15: =I10 -> #REF!
C16: =IF(G16+H16<>0,Transaksi!C11,"") | D16: =IF(G16+H16<>0,Transaksi!D11,"") | E16: =IF(G16+H16<>0,Transaksi!E11,"") | F16: =IF(G16+H16<>0,Transaksi!F11,"") | G16: =IF(Transaksi!K11=$F$11,Transaksi!M11,0) -> 0 | H16: =IF(Transaksi!K11=$F$11,Transaksi!L11,0) -> 0 | I16: =I15+G16-H16 -> #REF! | J16: =IF(G16+H16<>0,Transaksi!J11,"")
C17: =IF(G17+H17<>0,Transaksi!C12,"") | D17: =IF(G17+H17<>0,Transaksi!D12,"") | E17: =IF(G17+H17<>0,Transaksi!E12,"") | F17: =IF(G17+H17<>0,Transaksi!F12,"") | G17: =IF(Transaksi!K12=$F$11,Transaksi!M12,0) -> 0 | H17: =IF(Transaksi!K12=$F$11,Transaksi!L12,0) -> 0 | I17: =I16+G17-H17 -> #REF! | J17: =IF(G17+H17<>0,Transaksi!J12,"")
C18: =IF(G18+H18<>0,Transaksi!C13,"") | D18: =IF(G18+H18<>0,Transaksi!D13,"") | E18: =IF(G18+H18<>0,Transaksi!E13,"") | F18: =IF(G18+H18<>0,Transaksi!F13,"") | G18: =IF(Transaksi!K13=$F$11,Transaksi!M13,0) -> 0 | H18: =IF(Transaksi!K13=$F$11,Transaksi!L13,0) -> 0 | I18: =I17+G18-H18 -> #REF! | J18: =IF(G18+H18<>0,Transaksi!J13,"")
C19: =IF(G19+H19<>0,Transaksi!C14,"") | D19: =IF(G19+H19<>0,Transaksi!D14,"") | E19: =IF(G19+H19<>0,Transaksi!E14,"") | F19: =IF(G19+H19<>0,Transaksi!F14,"") | G19: =IF(Transaksi!K14=$F$11,Transaksi!M14,0) -> 0 | H19: =IF(Transaksi!K14=$F$11,Transaksi!L14,0) -> 0 | I19: =I18+G19-H19 -> #REF! | J19: =IF(G19+H19<>0,Transaksi!J14,"")
C20: =IF(G20+H20<>0,Transaksi!C15,"") | D20: =IF(G20+H20<>0,Transaksi!D15,"") | E20: =IF(G20+H20<>0,Transaksi!E15,"") | F20: =IF(G20+H20<>0,Transaksi!F15,"") | G20: =IF(Transaksi!K15=$F$11,Transaksi!M15,0) -> 0 | H20: =IF(Transaksi!K15=$F$11,Transaksi!L15,0) -> 0 | I20: =I19+G20-H20 -> #REF! | J20: =IF(G20+H20<>0,Transaksi!J15,"")
C21: =IF(G21+H21<>0,Transaksi!C16,"") | D21: =IF(G21+H21<>0,Transaksi!D16,"") | E21: =IF(G21+H21<>0,Transaksi!E16,"") | F21: =IF(G21+H21<>0,Transaksi!F16,"") | G21: =IF(Transaksi!K16=$F$11,Transaksi!M16,0) -> 0 | H21: =IF(Transaksi!K16=$F$11,Transaksi!L16,0) -> 0 | I21: =I20+G21-H21 -> #REF! | J21: =IF(G21+H21<>0,Transaksi!J16,"")
C22: =IF(G22+H22<>0,Transaksi!C17,"") | D22: =IF(G22+H22<>0,Transaksi!D17,"") | E22: =IF(G22+H22<>0,Transaksi!E17,"") | F22: =IF(G22+H22<>0,Transaksi!F17,"") | G22: =IF(Transaksi!K17=$F$11,Transaksi!M17,0) -> 0 | H22: =IF(Transaksi!K17=$F$11,Transaksi!L17,0) -> 0 | I22: =I21+G22-H22 -> #REF! | J22: =IF(G22+H22<>0,Transaksi!J17,"")
C23: =IF(G23+H23<>0,Transaksi!C18,"") | D23: =IF(G23+H23<>0,Transaksi!D18,"") | E23: =IF(G23+H23<>0,Transaksi!E18,"") | F23: =IF(G23+H23<>0,Transaksi!F18,"") | G23: =IF(Transaksi!K18=$F$11,Transaksi!M18,0) -> 0 | H23: =IF(Transaksi!K18=$F$11,Transaksi!L18,0) -> 0 | I23: =I22+G23-H23 -> #REF! | J23: =IF(G23+H23<>0,Transaksi!J18,"")
C24: =IF(G24+H24<>0,Transaksi!C19,"") | D24: =IF(G24+H24<>0,Transaksi!D19,"") | E24: =IF(G24+H24<>0,Transaksi!E19,"") | F24: =IF(G24+H24<>0,Transaksi!F19,"") | G24: =IF(Transaksi!K19=$F$11,Transaksi!M19,0) -> 0 | H24: =IF(Transaksi!K19=$F$11,Transaksi!L19,0) -> 0 | I24: =I23+G24-H24 -> #REF! | J24: =IF(G24+H24<>0,Transaksi!J19,"")
C25: =IF(G25+H25<>0,Transaksi!C20,"") | D25: =IF(G25+H25<>0,Transaksi!D20,"") | E25: =IF(G25+H25<>0,Transaksi!E20,"") | F25: =IF(G25+H25<>0,Transaksi!F20,"") | G25: =IF(Transaksi!K20=$F$11,Transaksi!M20,0) -> 0 | H25: =IF(Transaksi!K20=$F$11,Transaksi!L20,0) -> 0 | I25: =I24+G25-H25 -> #REF! | J25: =IF(G25+H25<>0,Transaksi!J20,"")
C26: =IF(G26+H26<>0,Transaksi!C21,"") | D26: =IF(G26+H26<>0,Transaksi!D21,"") | E26: =IF(G26+H26<>0,Transaksi!E21,"") | F26: =IF(G26+H26<>0,Transaksi!F21,"") | G26: =IF(Transaksi!K21=$F$11,Transaksi!M21,0) -> 0 | H26: =IF(Transaksi!K21=$F$11,Transaksi!L21,0) -> 0 | I26: =I25+G26-H26 -> #REF! | J26: =IF(G26+H26<>0,Transaksi!J21,"")
C27: =IF(G27+H27<>0,Transaksi!C22,"") | D27: =IF(G27+H27<>0,Transaksi!D22,"") | E27: =IF(G27+H27<>0,Transaksi!E22,"") | F27: =IF(G27+H27<>0,Transaksi!F22,"") | G27: =IF(Transaksi!K22=$F$11,Transaksi!M22,0) -> 0 | H27: =IF(Transaksi!K22=$F$11,Transaksi!L22,0) -> 0 | I27: =I26+G27-H27 -> #REF! | J27: =IF(G27+H27<>0,Transaksi!J22,"")
... C236: =IF(G236+H236<>0,Transaksi!C231,"") | D236: =IF(G236+H236<>0,Transaksi!D231,"") | E236: =IF(G236+H236<>0,Transaksi!E231,"") | F236: =IF(G236+H236<>0,Transaksi!F231,"") | G236: =IF(Transaksi!K231=$F$11,Transaksi!M231,0) -> 0 | H236: =IF(Transaksi!K231=$F$11,Transaksi!L231,0) -> 0 | I236: =I235+G236-H236 -> #REF! | J236: =IF(G236+H236<>0,Transaksi!J231,"")
C237: =IF(G237+H237<>0,Transaksi!C232,"") | D237: =IF(G237+H237<>0,Transaksi!D232,"") | E237: =IF(G237+H237<>0,Transaksi!E232,"") | F237: =IF(G237+H237<>0,Transaksi!F232,"") | G237: =IF(Transaksi!K232=$F$11,Transaksi!M232,0) -> 0 | H237: =IF(Transaksi!K232=$F$11,Transaksi!L232,0) -> 0 | I237: =I236+G237-H237 -> #REF! | J237: =IF(G237+H237<>0,Transaksi!J232,"") | L237: =H237 -> 0
C238: =IF(G238+H238<>0,Transaksi!C233,"") | D238: =IF(G238+H238<>0,Transaksi!D233,"") | E238: =IF(G238+H238<>0,Transaksi!E233,"") | F238: =IF(G238+H238<>0,Transaksi!F233,"") | G238: =IF(Transaksi!K233=$F$11,Transaksi!M233,0) -> 0 | H238: =IF(Transaksi!K233=$F$11,Transaksi!L233,0) -> 0 | I238: =I237+G238-H238 -> #REF! | J238: =IF(G238+H238<>0,Transaksi!J233,"")
C239: =IF(G239+H239<>0,Transaksi!C234,"") | D239: =IF(G239+H239<>0,Transaksi!D234,"") | E239: =IF(G239+H239<>0,Transaksi!E234,"") | F239: =IF(G239+H239<>0,Transaksi!F234,"") | G239: =IF(Transaksi!K234=$F$11,Transaksi!M234,0) -> 0 | H239: =IF(Transaksi!K234=$F$11,Transaksi!L234,0) -> 0 | I239: =I238+G239-H239 -> #REF! | J239: =IF(G239+H239<>0,Transaksi!J234,"")
C240: =IF(G240+H240<>0,Transaksi!C235,"") | D240: =IF(G240+H240<>0,Transaksi!D235,"") | E240: =IF(G240+H240<>0,Transaksi!E235,"") | F240: =IF(G240+H240<>0,Transaksi!F235,"") | G240: =IF(Transaksi!K235=$F$11,Transaksi!M235,0) -> 0 | H240: =IF(Transaksi!K235=$F$11,Transaksi!L235,0) -> 0 | I240: =I239+G240-H240 -> #REF! | J240: =IF(G240+H240<>0,Transaksi!J235,"")
C241: =IF(G241+H241<>0,Transaksi!C236,"") | D241: =IF(G241+H241<>0,Transaksi!D236,"") | E241: =IF(G241+H241<>0,Transaksi!E236,"") | F241: =IF(G241+H241<>0,Transaksi!F236,"") | G241: =IF(Transaksi!K236=$F$11,Transaksi!M236,0) -> 0 | H241: =IF(Transaksi!K236=$F$11,Transaksi!L236,0) -> 0 | I241: =I240+G241-H241 -> #REF! | J241: =IF(G241+H241<>0,Transaksi!J236,"")
C242: =IF(G242+H242<>0,Transaksi!C237,"") | D242: =IF(G242+H242<>0,Transaksi!D237,"") | E242: =IF(G242+H242<>0,Transaksi!E237,"") | F242: =IF(G242+H242<>0,Transaksi!F237,"") | G242: =IF(Transaksi!K237=$F$11,Transaksi!M237,0) -> 0 | H242: =IF(Transaksi!K237=$F$11,Transaksi!L237,0) -> 0 | I242: =I241+G242-H242 -> #REF! | J242: =IF(G242+H242<>0,Transaksi!J237,"")
C243: =IF(G243+H243<>0,Transaksi!C238,"") | D243: =IF(G243+H243<>0,Transaksi!D238,"") | E243: =IF(G243+H243<>0,Transaksi!E238,"") | F243: =IF(G243+H243<>0,Transaksi!F238,"") | G243: =IF(Transaksi!K238=$F$11,Transaksi!M238,0) -> 0 | H243: =IF(Transaksi!K238=$F$11,Transaksi!L238,0) -> 0 | I243: =I242+G243-H243 -> #REF! | J243: =IF(G243+H243<>0,Transaksi!J238,"")
C244: =IF(G244+H244<>0,Transaksi!C239,"") | D244: =IF(G244+H244<>0,Transaksi!D239,"") | E244: =IF(G244+H244<>0,Transaksi!E239,"") | F244: =IF(G244+H244<>0,Transaksi!F239,"") | G244: =IF(Transaksi!K239=$F$11,Transaksi!M239,0) -> 0 | H244: =IF(Transaksi!K239=$F$11,Transaksi!L239,0) -> 0 | I244: =I243+G244-H244 -> #REF! | J244: =IF(G244+H244<>0,Transaksi!J239,"")
C245: =IF(G245+H245<>0,Transaksi!C240,"") | D245: =IF(G245+H245<>0,Transaksi!D240,"") | E245: =IF(G245+H245<>0,Transaksi!E240,"") | F245: =IF(G245+H245<>0,Transaksi!F240,"") | G245: =IF(Transaksi!K240=$F$11,Transaksi!M240,0) -> 0 | H245: =IF(Transaksi!K240=$F$11,Transaksi!L240,0) -> 0 | I245: =I244+G245-H245 -> #REF! | J245: =IF(G245+H245<>0,Transaksi!J240,"")
C246: =IF(G246+H246<>0,Transaksi!C241,"") | D246: =IF(G246+H246<>0,Transaksi!D241,"") | E246: =IF(G246+H246<>0,Transaksi!E241,"") | F246: =IF(G246+H246<>0,Transaksi!F241,"") | G246: =IF(Transaksi!K241=$F$11,Transaksi!M241,0) -> 0 | H246: =IF(Transaksi!K241=$F$11,Transaksi!L241,0) -> 0 | I246: =I245+G246-H246 -> #REF! | J246: =IF(G246+H246<>0,Transaksi!J241,"")
C247: =IF(G247+H247<>0,Transaksi!C242,"") | D247: =IF(G247+H247<>0,Transaksi!D242,"") | E247: =IF(G247+H247<>0,Transaksi!E242,"") | F247: =IF(G247+H247<>0,Transaksi!F242,"") | G247: =IF(Transaksi!K242=$F$11,Transaksi!M242,0) -> 0 | H247: =IF(Transaksi!K242=$F$11,Transaksi!L242,0) -> 0 | I247: =I246+G247-H247 -> #REF! | J247: =IF(G247+H247<>0,Transaksi!J242,"")
C248: =IF(G248+H248<>0,Transaksi!C243,"") | D248: =IF(G248+H248<>0,Transaksi!D243,"") | E248: =IF(G248+H248<>0,Transaksi!E243,"") | F248: =IF(G248+H248<>0,Transaksi!F243,"") | G248: =IF(Transaksi!K243=$F$11,Transaksi!M243,0) -> 0 | H248: =IF(Transaksi!K243=$F$11,Transaksi!L243,0) -> 0 | I248: =I247+G248-H248 -> #REF! | J248: =IF(G248+H248<>0,Transaksi!J243,"")
C249: =IF(G249+H249<>0,Transaksi!C244,"") | D249: =IF(G249+H249<>0,Transaksi!D244,"") | E249: =IF(G249+H249<>0,Transaksi!E244,"") | F249: =IF(G249+H249<>0,Transaksi!F244,"") | G249: =IF(Transaksi!K244=$F$11,Transaksi!M244,0) -> 0 | H249: =IF(Transaksi!K244=$F$11,Transaksi!L244,0) -> 0 | I249: =I248+G249-H249 -> #REF! | J249: =IF(G249+H249<>0,Transaksi!J244,"")
... C376: =IF(G376+H376<>0,Transaksi!C371,"") | D376: =IF(G376+H376<>0,Transaksi!D371,"") | E376: =IF(G376+H376<>0,Transaksi!E371,"") | F376: =IF(G376+H376<>0,Transaksi!F371,"") | G376: =IF(Transaksi!K371=$F$11,Transaksi!M371,0) -> 0 | H376: =IF(Transaksi!K371=$F$11,Transaksi!L371,0) -> 0 | I376: =I375+G376-H376 -> #REF! | J376: =IF(G376+H376<>0,Transaksi!J371,"")
C377: =IF(G377+H377<>0,Transaksi!C372,"") | D377: =IF(G377+H377<>0,Transaksi!D372,"") | E377: =IF(G377+H377<>0,Transaksi!E372,"") | F377: =IF(G377+H377<>0,Transaksi!F372,"") | G377: =IF(Transaksi!K372=$F$11,Transaksi!M372,0) -> 0 | H377: =IF(Transaksi!K372=$F$11,Transaksi!L372,0) -> 0 | I377: =I376+G377-H377 -> #REF! | J377: =IF(G377+H377<>0,Transaksi!J372,"") | L377: =H377 -> 0
C378: =IF(G378+H378<>0,Transaksi!C373,"") | D378: =IF(G378+H378<>0,Transaksi!D373,"") | E378: =IF(G378+H378<>0,Transaksi!E373,"") | F378: =IF(G378+H378<>0,Transaksi!F373,"") | G378: =IF(Transaksi!K373=$F$11,Transaksi!M373,0) -> 0 | H378: =IF(Transaksi!K373=$F$11,Transaksi!L373,0) -> 0 | I378: =I377+G378-H378 -> #REF! | J378: =IF(G378+H378<>0,Transaksi!J373,"")
C379: =IF(G379+H379<>0,Transaksi!C374,"") | D379: =IF(G379+H379<>0,Transaksi!D374,"") | E379: =IF(G379+H379<>0,Transaksi!E374,"") | F379: =IF(G379+H379<>0,Transaksi!F374,"") | G379: =IF(Transaksi!K374=$F$11,Transaksi!M374,0) -> 0 | H379: =IF(Transaksi!K374=$F$11,Transaksi!L374,0) -> 0 | I379: =I378+G379-H379 -> #REF! | J379: =IF(G379+H379<>0,Transaksi!J374,"")
C380: =IF(G380+H380<>0,Transaksi!C375,"") | D380: =IF(G380+H380<>0,Transaksi!D375,"") | E380: =IF(G380+H380<>0,Transaksi!E375,"") | F380: =IF(G380+H380<>0,Transaksi!F375,"") | G380: =IF(Transaksi!K375=$F$11,Transaksi!M375,0) -> 0 | H380: =IF(Transaksi!K375=$F$11,Transaksi!L375,0) -> 0 | I380: =I379+G380-H380 -> #REF! | J380: =IF(G380+H380<>0,Transaksi!J375,"")
C381: =IF(G381+H381<>0,Transaksi!C376,"") | D381: =IF(G381+H381<>0,Transaksi!D376,"") | E381: =IF(G381+H381<>0,Transaksi!E376,"") | F381: =IF(G381+H381<>0,Transaksi!F376,"") | G381: =IF(Transaksi!K376=$F$11,Transaksi!M376,0) -> 0 | H381: =IF(Transaksi!K376=$F$11,Transaksi!L376,0) -> 0 | I381: =I380+G381-H381 -> #REF! | J381: =IF(G381+H381<>0,Transaksi!J376,"")
C382: =IF(G382+H382<>0,Transaksi!C377,"") | D382: =IF(G382+H382<>0,Transaksi!D377,"") | E382: =IF(G382+H382<>0,Transaksi!E377,"") | F382: =IF(G382+H382<>0,Transaksi!F377,"") | G382: =IF(Transaksi!K377=$F$11,Transaksi!M377,0) -> 0 | H382: =IF(Transaksi!K377=$F$11,Transaksi!L377,0) -> 0 | I382: =I381+G382-H382 -> #REF! | J382: =IF(G382+H382<>0,Transaksi!J377,"")
C383: =IF(G383+H383<>0,Transaksi!C378,"") | D383: =IF(G383+H383<>0,Transaksi!D378,"") | E383: =IF(G383+H383<>0,Transaksi!E378,"") | F383: =IF(G383+H383<>0,Transaksi!F378,"") | G383: =IF(Transaksi!K378=$F$11,Transaksi!M378,0) -> 0 | H383: =IF(Transaksi!K378=$F$11,Transaksi!L378,0) -> 0 | I383: =I382+G383-H383 -> #REF! | J383: =IF(G383+H383<>0,Transaksi!J378,"")
C384: =IF(G384+H384<>0,Transaksi!C379,"") | D384: =IF(G384+H384<>0,Transaksi!D379,"") | E384: =IF(G384+H384<>0,Transaksi!E379,"") | F384: =IF(G384+H384<>0,Transaksi!F379,"") | G384: =IF(Transaksi!K379=$F$11,Transaksi!M379,0) -> 0 | H384: =IF(Transaksi!K379=$F$11,Transaksi!L379,0) -> 0 | I384: =I383+G384-H384 -> #REF! | J384: =IF(G384+H384<>0,Transaksi!J379,"")
C385: =IF(G385+H385<>0,Transaksi!C380,"") | D385: =IF(G385+H385<>0,Transaksi!D380,"") | E385: =IF(G385+H385<>0,Transaksi!E380,"") | F385: =IF(G385+H385<>0,Transaksi!F380,"") | G385: =IF(Transaksi!K380=$F$11,Transaksi!M380,0) -> 0 | H385: =IF(Transaksi!K380=$F$11,Transaksi!L380,0) -> 0 | I385: =I384+G385-H385 -> #REF! | J385: =IF(G385+H385<>0,Transaksi!J380,"")
C386: =IF(G386+H386<>0,Transaksi!C381,"") | D386: =IF(G386+H386<>0,Transaksi!D381,"") | E386: =IF(G386+H386<>0,Transaksi!E381,"") | F386: =IF(G386+H386<>0,Transaksi!F381,"") | G386: =IF(Transaksi!K381=$F$11,Transaksi!M381,0) -> 0 | H386: =IF(Transaksi!K381=$F$11,Transaksi!L381,0) -> 0 | I386: =I385+G386-H386 -> #REF! | J386: =IF(G386+H386<>0,Transaksi!J381,"")
C387: =IF(G387+H387<>0,Transaksi!C382,"") | D387: =IF(G387+H387<>0,Transaksi!D382,"") | E387: =IF(G387+H387<>0,Transaksi!E382,"") | F387: =IF(G387+H387<>0,Transaksi!F382,"") | G387: =IF(Transaksi!K382=$F$11,Transaksi!M382,0) -> 0 | H387: =IF(Transaksi!K382=$F$11,Transaksi!L382,0) -> 0 | I387: =I386+G387-H387 -> #REF! | J387: =IF(G387+H387<>0,Transaksi!J382,"")
C388: =IF(G388+H388<>0,Transaksi!C383,"") | D388: =IF(G388+H388<>0,Transaksi!D383,"") | E388: =IF(G388+H388<>0,Transaksi!E383,"") | F388: =IF(G388+H388<>0,Transaksi!F383,"") | G388: =IF(Transaksi!K383=$F$11,Transaksi!M383,0) -> 0 | H388: =IF(Transaksi!K383=$F$11,Transaksi!L383,0) -> 0 | I388: =I387+G388-H388 -> #REF! | J388: =IF(G388+H388<>0,Transaksi!J383,"")
C389: =IF(G389+H389<>0,Transaksi!C384,"") | D389: =IF(G389+H389<>0,Transaksi!D384,"") | E389: =IF(G389+H389<>0,Transaksi!E384,"") | F389: =IF(G389+H389<>0,Transaksi!F384,"") | G389: =IF(Transaksi!K384=$F$11,Transaksi!M384,0) -> 0 | H389: =IF(Transaksi!K384=$F$11,Transaksi!L384,0) -> 0 | I389: =I388+G389-H389 -> #REF! | J389: =IF(G389+H389<>0,Transaksi!J384,"")
... C528: =IF(G528+H528<>0,Transaksi!C523,"") | D528: =IF(G528+H528<>0,Transaksi!D523,"") | E528: =IF(G528+H528<>0,Transaksi!E523,"") | F528: =IF(G528+H528<>0,Transaksi!F523,"") | G528: =IF(Transaksi!K523=$F$11,Transaksi!M523,0) -> 0 | H528: =IF(Transaksi!K523=$F$11,Transaksi!L523,0) -> 0 | I528: =I527+G528-H528 -> #REF! | J528: =IF(G528+H528<>0,Transaksi!J523,"")
C529: =IF(G529+H529<>0,Transaksi!C524,"") | D529: =IF(G529+H529<>0,Transaksi!D524,"") | E529: =IF(G529+H529<>0,Transaksi!E524,"") | F529: =IF(G529+H529<>0,Transaksi!F524,"") | G529: =IF(Transaksi!K524=$F$11,Transaksi!M524,0) -> 0 | H529: =IF(Transaksi!K524=$F$11,Transaksi!L524,0) -> 0 | I529: =I528+G529-H529 -> #REF! | J529: =IF(G529+H529<>0,Transaksi!J524,"") | L529: =H529 -> 0
C530: =IF(G530+H530<>0,Transaksi!C525,"") | D530: =IF(G530+H530<>0,Transaksi!D525,"") | E530: =IF(G530+H530<>0,Transaksi!E525,"") | F530: =IF(G530+H530<>0,Transaksi!F525,"") | G530: =IF(Transaksi!K525=$F$11,Transaksi!M525,0) -> 0 | H530: =IF(Transaksi!K525=$F$11,Transaksi!L525,0) -> 0 | I530: =I529+G530-H530 -> #REF! | J530: =IF(G530+H530<>0,Transaksi!J525,"")
C531: =IF(G531+H531<>0,Transaksi!C526,"") | D531: =IF(G531+H531<>0,Transaksi!D526,"") | E531: =IF(G531+H531<>0,Transaksi!E526,"") | F531: =IF(G531+H531<>0,Transaksi!F526,"") | G531: =IF(Transaksi!K526=$F$11,Transaksi!M526,0) -> 0 | H531: =IF(Transaksi!K526=$F$11,Transaksi!L526,0) -> 0 | I531: =I530+G531-H531 -> #REF! | J531: =IF(G531+H531<>0,Transaksi!J526,"")
C532: =IF(G532+H532<>0,Transaksi!C527,"") | D532: =IF(G532+H532<>0,Transaksi!D527,"") | E532: =IF(G532+H532<>0,Transaksi!E527,"") | F532: =IF(G532+H532<>0,Transaksi!F527,"") | G532: =IF(Transaksi!K527=$F$11,Transaksi!M527,0) -> 0 | H532: =IF(Transaksi!K527=$F$11,Transaksi!L527,0) -> 0 | I532: =I531+G532-H532 -> #REF! | J532: =IF(G532+H532<>0,Transaksi!J527,"")
C533: =IF(G533+H533<>0,Transaksi!C528,"") | D533: =IF(G533+H533<>0,Transaksi!D528,"") | E533: =IF(G533+H533<>0,Transaksi!E528,"") | F533: =IF(G533+H533<>0,Transaksi!F528,"") | G533: =IF(Transaksi!K528=$F$11,Transaksi!M528,0) -> 0 | H533: =IF(Transaksi!K528=$F$11,Transaksi!L528,0) -> 0 | I533: =I532+G533-H533 -> #REF! | J533: =IF(G533+H533<>0,Transaksi!J528,"")
C534: =IF(G534+H534<>0,Transaksi!C529,"") | D534: =IF(G534+H534<>0,Transaksi!D529,"") | E534: =IF(G534+H534<>0,Transaksi!E529,"") | F534: =IF(G534+H534<>0,Transaksi!F529,"") | G534: =IF(Transaksi!K529=$F$11,Transaksi!M529,0) -> 0 | H534: =IF(Transaksi!K529=$F$11,Transaksi!L529,0) -> 0 | I534: =I533+G534-H534 -> #REF! | J534: =IF(G534+H534<>0,Transaksi!J529,"")
C535: =IF(G535+H535<>0,Transaksi!C530,"") | D535: =IF(G535+H535<>0,Transaksi!D530,"") | E535: =IF(G535+H535<>0,Transaksi!E530,"") | F535: =IF(G535+H535<>0,Transaksi!F530,"") | G535: =IF(Transaksi!K530=$F$11,Transaksi!M530,0) -> 0 | H535: =IF(Transaksi!K530=$F$11,Transaksi!L530,0) -> 0 | I535: =I534+G535-H535 -> #REF! | J535: =IF(G535+H535<>0,Transaksi!J530,"")
C536: =IF(G536+H536<>0,Transaksi!C531,"") | D536: =IF(G536+H536<>0,Transaksi!D531,"") | E536: =IF(G536+H536<>0,Transaksi!E531,"") | F536: =IF(G536+H536<>0,Transaksi!F531,"") | G536: =IF(Transaksi!K531=$F$11,Transaksi!M531,0) -> 0 | H536: =IF(Transaksi!K531=$F$11,Transaksi!L531,0) -> 0 | I536: =I535+G536-H536 -> #REF! | J536: =IF(G536+H536<>0,Transaksi!J531,"")
C537: =IF(G537+H537<>0,Transaksi!C532,"") | D537: =IF(G537+H537<>0,Transaksi!D532,"") | E537: =IF(G537+H537<>0,Transaksi!E532,"") | F537: =IF(G537+H537<>0,Transaksi!F532,"") | G537: =IF(Transaksi!K532=$F$11,Transaksi!M532,0) -> 0 | H537: =IF(Transaksi!K532=$F$11,Transaksi!L532,0) -> 0 | I537: =I536+G537-H537 -> #REF! | J537: =IF(G537+H537<>0,Transaksi!J532,"")
C538: =IF(G538+H538<>0,Transaksi!C533,"") | D538: =IF(G538+H538<>0,Transaksi!D533,"") | E538: =IF(G538+H538<>0,Transaksi!E533,"") | F538: =IF(G538+H538<>0,Transaksi!F533,"") | G538: =IF(Transaksi!K533=$F$11,Transaksi!M533,0) -> 0 | H538: =IF(Transaksi!K533=$F$11,Transaksi!L533,0) -> 0 | I538: =I537+G538-H538 -> #REF! | J538: =IF(G538+H538<>0,Transaksi!J533,"")
C539: =IF(G539+H539<>0,Transaksi!C534,"") | D539: =IF(G539+H539<>0,Transaksi!D534,"") | E539: =IF(G539+H539<>0,Transaksi!E534,"") | F539: =IF(G539+H539<>0,Transaksi!F534,"") | G539: =IF(Transaksi!K534=$F$11,Transaksi!M534,0) -> 0 | H539: =IF(Transaksi!K534=$F$11,Transaksi!L534,0) -> 0 | I539: =I538+G539-H539 -> #REF! | J539: =IF(G539+H539<>0,Transaksi!J534,"")
C540: =IF(G540+H540<>0,Transaksi!C535,"") | D540: =IF(G540+H540<>0,Transaksi!D535,"") | E540: =IF(G540+H540<>0,Transaksi!E535,"") | F540: =IF(G540+H540<>0,Transaksi!F535,"") | G540: =IF(Transaksi!K535=$F$11,Transaksi!M535,0) -> 0 | H540: =IF(Transaksi!K535=$F$11,Transaksi!L535,0) -> 0 | I540: =I539+G540-H540 -> #REF! | J540: =IF(G540+H540<>0,Transaksi!J535,"")
C541: =IF(G541+H541<>0,Transaksi!C536,"") | D541: =IF(G541+H541<>0,Transaksi!D536,"") | E541: =IF(G541+H541<>0,Transaksi!E536,"") | F541: =IF(G541+H541<>0,Transaksi!F536,"") | G541: =IF(Transaksi!K536=$F$11,Transaksi!M536,0) -> 0 | H541: =IF(Transaksi!K536=$F$11,Transaksi!L536,0) -> 0 | I541: =I540+G541-H541 -> #REF! | J541: =IF(G541+H541<>0,Transaksi!J536,"")
... C651: =IF(G651+H651<>0,Transaksi!C646,"") | D651: =IF(G651+H651<>0,Transaksi!D646,"") | E651: =IF(G651+H651<>0,Transaksi!E646,"") | F651: =IF(G651+H651<>0,Transaksi!F646,"") | G651: =IF(Transaksi!K646=$F$11,Transaksi!M646,0) -> 0 | H651: =IF(Transaksi!K646=$F$11,Transaksi!L646,0) -> 0 | I651: =I650+G651-H651 -> #REF! | J651: =IF(G651+H651<>0,Transaksi!J646,"")
C652: =IF(G652+H652<>0,Transaksi!C647,"") | D652: =IF(G652+H652<>0,Transaksi!D647,"") | E652: =IF(G652+H652<>0,Transaksi!E647,"") | F652: =IF(G652+H652<>0,Transaksi!F647,"") | G652: =IF(Transaksi!K647=$F$11,Transaksi!M647,0) -> 0 | H652: =IF(Transaksi!K647=$F$11,Transaksi!L647,0) -> 0 | I652: =I651+G652-H652 -> #REF! | J652: =IF(G652+H652<>0,Transaksi!J647,"") | L652: =H652 -> 0
C653: =IF(G653+H653<>0,Transaksi!C648,"") | D653: =IF(G653+H653<>0,Transaksi!D648,"") | E653: =IF(G653+H653<>0,Transaksi!E648,"") | F653: =IF(G653+H653<>0,Transaksi!F648,"") | G653: =IF(Transaksi!K648=$F$11,Transaksi!M648,0) -> 0 | H653: =IF(Transaksi!K648=$F$11,Transaksi!L648,0) -> 0 | I653: =I652+G653-H653 -> #REF! | J653: =IF(G653+H653<>0,Transaksi!J648,"")
C654: =IF(G654+H654<>0,Transaksi!C649,"") | D654: =IF(G654+H654<>0,Transaksi!D649,"") | E654: =IF(G654+H654<>0,Transaksi!E649,"") | F654: =IF(G654+H654<>0,Transaksi!F649,"") | G654: =IF(Transaksi!K649=$F$11,Transaksi!M649,0) -> 0 | H654: =IF(Transaksi!K649=$F$11,Transaksi!L649,0) -> 0 | I654: =I653+G654-H654 -> #REF! | J654: =IF(G654+H654<>0,Transaksi!J649,"")
C655: =IF(G655+H655<>0,Transaksi!C650,"") | D655: =IF(G655+H655<>0,Transaksi!D650,"") | E655: =IF(G655+H655<>0,Transaksi!E650,"") | F655: =IF(G655+H655<>0,Transaksi!F650,"") | G655: =IF(Transaksi!K650=$F$11,Transaksi!M650,0) -> 0 | H655: =IF(Transaksi!K650=$F$11,Transaksi!L650,0) -> 0 | I655: =I654+G655-H655 -> #REF! | J655: =IF(G655+H655<>0,Transaksi!J650,"")
C656: =IF(G656+H656<>0,Transaksi!C651,"") | D656: =IF(G656+H656<>0,Transaksi!D651,"") | E656: =IF(G656+H656<>0,Transaksi!E651,"") | F656: =IF(G656+H656<>0,Transaksi!F651,"") | G656: =IF(Transaksi!K651=$F$11,Transaksi!M651,0) -> 0 | H656: =IF(Transaksi!K651=$F$11,Transaksi!L651,0) -> 0 | I656: =I655+G656-H656 -> #REF! | J656: =IF(G656+H656<>0,Transaksi!J651,"")
C657: =IF(G657+H657<>0,Transaksi!C652,"") | D657: =IF(G657+H657<>0,Transaksi!D652,"") | E657: =IF(G657+H657<>0,Transaksi!E652,"") | F657: =IF(G657+H657<>0,Transaksi!F652,"") | G657: =IF(Transaksi!K652=$F$11,Transaksi!M652,0) -> 0 | H657: =IF(Transaksi!K652=$F$11,Transaksi!L652,0) -> 0 | I657: =I656+G657-H657 -> #REF! | J657: =IF(G657+H657<>0,Transaksi!J652,"")
C658: =IF(G658+H658<>0,Transaksi!C653,"") | D658: =IF(G658+H658<>0,Transaksi!D653,"") | E658: =IF(G658+H658<>0,Transaksi!E653,"") | F658: =IF(G658+H658<>0,Transaksi!F653,"") | G658: =IF(Transaksi!K653=$F$11,Transaksi!M653,0) -> 0 | H658: =IF(Transaksi!K653=$F$11,Transaksi!L653,0) -> 0 | I658: =I657+G658-H658 -> #REF! | J658: =IF(G658+H658<>0,Transaksi!J653,"")
C659: =IF(G659+H659<>0,Transaksi!C654,"") | D659: =IF(G659+H659<>0,Transaksi!D654,"") | E659: =IF(G659+H659<>0,Transaksi!E654,"") | F659: =IF(G659+H659<>0,Transaksi!F654,"") | G659: =IF(Transaksi!K654=$F$11,Transaksi!M654,0) -> 0 | H659: =IF(Transaksi!K654=$F$11,Transaksi!L654,0) -> 0 | I659: =I658+G659-H659 -> #REF! | J659: =IF(G659+H659<>0,Transaksi!J654,"")
C660: =IF(G660+H660<>0,Transaksi!C655,"") | D660: =IF(G660+H660<>0,Transaksi!D655,"") | E660: =IF(G660+H660<>0,Transaksi!E655,"") | F660: =IF(G660+H660<>0,Transaksi!F655,"") | G660: =IF(Transaksi!K655=$F$11,Transaksi!M655,0) -> 0 | H660: =IF(Transaksi!K655=$F$11,Transaksi!L655,0) -> 0 | I660: =I659+G660-H660 -> #REF! | J660: =IF(G660+H660<>0,Transaksi!J655,"")
C661: =IF(G661+H661<>0,Transaksi!C656,"") | D661: =IF(G661+H661<>0,Transaksi!D656,"") | E661: =IF(G661+H661<>0,Transaksi!E656,"") | F661: =IF(G661+H661<>0,Transaksi!F656,"") | G661: =IF(Transaksi!K656=$F$11,Transaksi!M656,0) -> 0 | H661: =IF(Transaksi!K656=$F$11,Transaksi!L656,0) -> 0 | I661: =I660+G661-H661 -> #REF! | J661: =IF(G661+H661<>0,Transaksi!J656,"")
C662: =IF(G662+H662<>0,Transaksi!C657,"") | D662: =IF(G662+H662<>0,Transaksi!D657,"") | E662: =IF(G662+H662<>0,Transaksi!E657,"") | F662: =IF(G662+H662<>0,Transaksi!F657,"") | G662: =IF(Transaksi!K657=$F$11,Transaksi!M657,0) -> 0 | H662: =IF(Transaksi!K657=$F$11,Transaksi!L657,0) -> 0 | I662: =I661+G662-H662 -> #REF! | J662: =IF(G662+H662<>0,Transaksi!J657,"")
C663: =IF(G663+H663<>0,Transaksi!C658,"") | D663: =IF(G663+H663<>0,Transaksi!D658,"") | E663: =IF(G663+H663<>0,Transaksi!E658,"") | F663: =IF(G663+H663<>0,Transaksi!F658,"") | G663: =IF(Transaksi!K658=$F$11,Transaksi!M658,0) -> 0 | H663: =IF(Transaksi!K658=$F$11,Transaksi!L658,0) -> 0 | I663: =I662+G663-H663 -> #REF! | J663: =IF(G663+H663<>0,Transaksi!J658,"")
C664: =IF(G664+H664<>0,Transaksi!C659,"") | D664: =IF(G664+H664<>0,Transaksi!D659,"") | E664: =IF(G664+H664<>0,Transaksi!E659,"") | F664: =IF(G664+H664<>0,Transaksi!F659,"") | G664: =IF(Transaksi!K659=$F$11,Transaksi!M659,0) -> 0 | H664: =IF(Transaksi!K659=$F$11,Transaksi!L659,0) -> 0 | I664: =I663+G664-H664 -> #REF! | J664: =IF(G664+H664<>0,Transaksi!J659,"")
... C840: =IF(G840+H840<>0,Transaksi!C835,"") | D840: =IF(G840+H840<>0,Transaksi!D835,"") | E840: =IF(G840+H840<>0,Transaksi!E835,"") | F840: =IF(G840+H840<>0,Transaksi!F835,"") | G840: =IF(Transaksi!K835=$F$11,Transaksi!M835,0) -> 0 | H840: =IF(Transaksi!K835=$F$11,Transaksi!L835,0) -> 0 | I840: =I839+G840-H840 -> #REF! | J840: =IF(G840+H840<>0,Transaksi!J835,"")
C841: =IF(G841+H841<>0,Transaksi!C836,"") | D841: =IF(G841+H841<>0,Transaksi!D836,"") | E841: =IF(G841+H841<>0,Transaksi!E836,"") | F841: =IF(G841+H841<>0,Transaksi!F836,"") | G841: =IF(Transaksi!K836=$F$11,Transaksi!M836,0) -> 0 | H841: =IF(Transaksi!K836=$F$11,Transaksi!L836,0) -> 0 | I841: =I840+G841-H841 -> #REF! | J841: =IF(G841+H841<>0,Transaksi!J836,"") | L841: =H841 -> 0
C842: =IF(G842+H842<>0,Transaksi!C837,"") | D842: =IF(G842+H842<>0,Transaksi!D837,"") | E842: =IF(G842+H842<>0,Transaksi!E837,"") | F842: =IF(G842+H842<>0,Transaksi!F837,"") | G842: =IF(Transaksi!K837=$F$11,Transaksi!M837,0) -> 0 | H842: =IF(Transaksi!K837=$F$11,Transaksi!L837,0) -> 0 | I842: =I841+G842-H842 -> #REF! | J842: =IF(G842+H842<>0,Transaksi!J837,"")
C843: =IF(G843+H843<>0,Transaksi!C838,"") | D843: =IF(G843+H843<>0,Transaksi!D838,"") | E843: =IF(G843+H843<>0,Transaksi!E838,"") | F843: =IF(G843+H843<>0,Transaksi!F838,"") | G843: =IF(Transaksi!K838=$F$11,Transaksi!M838,0) -> 0 | H843: =IF(Transaksi!K838=$F$11,Transaksi!L838,0) -> 0 | I843: =I842+G843-H843 -> #REF! | J843: =IF(G843+H843<>0,Transaksi!J838,"")
C844: =IF(G844+H844<>0,Transaksi!C839,"") | D844: =IF(G844+H844<>0,Transaksi!D839,"") | E844: =IF(G844+H844<>0,Transaksi!E839,"") | F844: =IF(G844+H844<>0,Transaksi!F839,"") | G844: =IF(Transaksi!K839=$F$11,Transaksi!M839,0) -> 0 | H844: =IF(Transaksi!K839=$F$11,Transaksi!L839,0) -> 0 | I844: =I843+G844-H844 -> #REF! | J844: =IF(G844+H844<>0,Transaksi!J839,"")
C845: =IF(G845+H845<>0,Transaksi!C840,"") | D845: =IF(G845+H845<>0,Transaksi!D840,"") | E845: =IF(G845+H845<>0,Transaksi!E840,"") | F845: =IF(G845+H845<>0,Transaksi!F840,"") | G845: =IF(Transaksi!K840=$F$11,Transaksi!M840,0) -> 0 | H845: =IF(Transaksi!K840=$F$11,Transaksi!L840,0) -> 0 | I845: =I844+G845-H845 -> #REF! | J845: =IF(G845+H845<>0,Transaksi!J840,"")
C846: =IF(G846+H846<>0,Transaksi!C841,"") | D846: =IF(G846+H846<>0,Transaksi!D841,"") | E846: =IF(G846+H846<>0,Transaksi!E841,"") | F846: =IF(G846+H846<>0,Transaksi!F841,"") | G846: =IF(Transaksi!K841=$F$11,Transaksi!M841,0) -> 0 | H846: =IF(Transaksi!K841=$F$11,Transaksi!L841,0) -> 0 | I846: =I845+G846-H846 -> #REF! | J846: =IF(G846+H846<>0,Transaksi!J841,"")
C847: =IF(G847+H847<>0,Transaksi!C842,"") | D847: =IF(G847+H847<>0,Transaksi!D842,"") | E847: =IF(G847+H847<>0,Transaksi!E842,"") | F847: =IF(G847+H847<>0,Transaksi!F842,"") | G847: =IF(Transaksi!K842=$F$11,Transaksi!M842,0) -> 0 | H847: =IF(Transaksi!K842=$F$11,Transaksi!L842,0) -> 0 | I847: =I846+G847-H847 -> #REF! | J847: =IF(G847+H847<>0,Transaksi!J842,"")
C848: =IF(G848+H848<>0,Transaksi!C843,"") | D848: =IF(G848+H848<>0,Transaksi!D843,"") | E848: =IF(G848+H848<>0,Transaksi!E843,"") | F848: =IF(G848+H848<>0,Transaksi!F843,"") | G848: =IF(Transaksi!K843=$F$11,Transaksi!M843,0) -> 0 | H848: =IF(Transaksi!K843=$F$11,Transaksi!L843,0) -> 0 | I848: =I847+G848-H848 -> #REF! | J848: =IF(G848+H848<>0,Transaksi!J843,"")
C849: =IF(G849+H849<>0,Transaksi!C844,"") | D849: =IF(G849+H849<>0,Transaksi!D844,"") | E849: =IF(G849+H849<>0,Transaksi!E844,"") | F849: =IF(G849+H849<>0,Transaksi!F844,"") | G849: =IF(Transaksi!K844=$F$11,Transaksi!M844,0) -> 0 | H849: =IF(Transaksi!K844=$F$11,Transaksi!L844,0) -> 0 | I849: =I848+G849-H849 -> #REF! | J849: =IF(G849+H849<>0,Transaksi!J844,"")
C850: =IF(G850+H850<>0,Transaksi!C845,"") | D850: =IF(G850+H850<>0,Transaksi!D845,"") | E850: =IF(G850+H850<>0,Transaksi!E845,"") | F850: =IF(G850+H850<>0,Transaksi!F845,"") | G850: =IF(Transaksi!K845=$F$11,Transaksi!M845,0) -> 0 | H850: =IF(Transaksi!K845=$F$11,Transaksi!L845,0) -> 0 | I850: =I849+G850-H850 -> #REF! | J850: =IF(G850+H850<>0,Transaksi!J845,"")
C851: =IF(G851+H851<>0,Transaksi!C846,"") | D851: =IF(G851+H851<>0,Transaksi!D846,"") | E851: =IF(G851+H851<>0,Transaksi!E846,"") | F851: =IF(G851+H851<>0,Transaksi!F846,"") | G851: =IF(Transaksi!K846=$F$11,Transaksi!M846,0) -> 0 | H851: =IF(Transaksi!K846=$F$11,Transaksi!L846,0) -> 0 | I851: =I850+G851-H851 -> #REF! | J851: =IF(G851+H851<>0,Transaksi!J846,"")
C852: =IF(G852+H852<>0,Transaksi!C847,"") | D852: =IF(G852+H852<>0,Transaksi!D847,"") | E852: =IF(G852+H852<>0,Transaksi!E847,"") | F852: =IF(G852+H852<>0,Transaksi!F847,"") | G852: =IF(Transaksi!K847=$F$11,Transaksi!M847,0) -> 0 | H852: =IF(Transaksi!K847=$F$11,Transaksi!L847,0) -> 0 | I852: =I851+G852-H852 -> #REF! | J852: =IF(G852+H852<>0,Transaksi!J847,"")
C853: =IF(G853+H853<>0,Transaksi!C848,"") | D853: =IF(G853+H853<>0,Transaksi!D848,"") | E853: =IF(G853+H853<>0,Transaksi!E848,"") | F853: =IF(G853+H853<>0,Transaksi!F848,"") | G853: =IF(Transaksi!K848=$F$11,Transaksi!M848,0) -> 0 | H853: =IF(Transaksi!K848=$F$11,Transaksi!L848,0) -> 0 | I853: =I852+G853-H853 -> #REF! | J853: =IF(G853+H853<>0,Transaksi!J848,"")
... C1015: =IF(G1015+H1015<>0,Transaksi!C1010,"") | D1015: =IF(G1015+H1015<>0,Transaksi!D1010,"") | E1015: =IF(G1015+H1015<>0,Transaksi!E1010,"") | F1015: =IF(G1015+H1015<>0,Transaksi!F1010,"") | G1015: =IF(Transaksi!K1010=$F$11,Transaksi!M1010,0) -> 0 | H1015: =IF(Transaksi!K1010=$F$11,Transaksi!L1010,0) -> 0 | I1015: =I1014+G1015-H1015 -> #REF! | J1015: =IF(G1015+H1015<>0,Transaksi!J1010,"")
C1016: =IF(G1016+H1016<>0,Transaksi!#REF!,"") -> #REF! | D1016: =IF(G1016+H1016<>0,Transaksi!#REF!,"") -> #REF! | E1016: =IF(G1016+H1016<>0,Transaksi!#REF!,"") -> #REF! | F1016: =IF(G1016+H1016<>0,Transaksi!#REF!,"") -> #REF! | G1016: =IF(Transaksi!#REF!=$F$11,Transaksi!#REF!,0) -> #REF! | H1016: =IF(Transaksi!#REF!=$F$11,Transaksi!#REF!,0) -> #REF! | I1016: =I1015+G1016-H1016 -> #REF! | J1016: =IF(G1016+H1016<>0,Transaksi!#REF!,"") -> #REF!
C1017: =IF(G1017+H1017<>0,Transaksi!#REF!,"") -> #REF! | D1017: =IF(G1017+H1017<>0,Transaksi!#REF!,"") -> #REF! | E1017: =IF(G1017+H1017<>0,Transaksi!#REF!,"") -> #REF! | F1017: =IF(G1017+H1017<>0,Transaksi!#REF!,"") -> #REF! | G1017: =IF(Transaksi!#REF!=$F$11,Transaksi!#REF!,0) -> #REF! | H1017: =IF(Transaksi!#REF!=$F$11,Transaksi!#REF!,0) -> #REF! | I1017: =I1016+G1017-H1017 -> #REF! | J1017: =IF(G1017+H1017<>0,Transaksi!#REF!,"") -> #REF!
C1018: =IF(G1018+H1018<>0,Transaksi!#REF!,"") -> #REF! | D1018: =IF(G1018+H1018<>0,Transaksi!#REF!,"") -> #REF! | E1018: =IF(G1018+H1018<>0,Transaksi!#REF!,"") -> #REF! | F1018: =IF(G1018+H1018<>0,Transaksi!#REF!,"") -> #REF! | G1018: =IF(Transaksi!#REF!=$F$11,Transaksi!#REF!,0) -> #REF! | H1018: =IF(Transaksi!#REF!=$F$11,Transaksi!#REF!,0) -> #REF! | I1018: =I1017+G1018-H1018 -> #REF! | J1018: =IF(G1018+H1018<>0,Transaksi!#REF!,"") -> #REF!
C1019: =IF(G1019+H1019<>0,Transaksi!#REF!,"") -> #REF! | D1019: =IF(G1019+H1019<>0,Transaksi!#REF!,"") -> #REF! | E1019: =IF(G1019+H1019<>0,Transaksi!#REF!,"") -> #REF! | F1019: =IF(G1019+H1019<>0,Transaksi!#REF!,"") -> #REF! | G1019: =IF(Transaksi!#REF!=$F$11,Transaksi!#REF!,0) -> #REF! | H1019: =IF(Transaksi!#REF!=$F$11,Transaksi!#REF!,0) -> #REF! | I1019: =I1018+G1019-H1019 -> #REF! | J1019: =IF(G1019+H1019<>0,Transaksi!#REF!,"") -> #REF!
C1020: =IF(G1020+H1020<>0,Transaksi!#REF!,"") -> #REF! | D1020: =IF(G1020+H1020<>0,Transaksi!#REF!,"") -> #REF! | E1020: =IF(G1020+H1020<>0,Transaksi!#REF!,"") -> #REF! | F1020: =IF(G1020+H1020<>0,Transaksi!#REF!,"") -> #REF! | G1020: =IF(Transaksi!#REF!=$F$11,Transaksi!#REF!,0) -> #REF! | H1020: =IF(Transaksi!#REF!=$F$11,Transaksi!#REF!,0) -> #REF! | I1020: =I1019+G1020-H1020 -> #REF! | J1020: =IF(G1020+H1020<>0,Transaksi!#REF!,"") -> #REF!
C1021: =IF(G1021+H1021<>0,Transaksi!#REF!,"") -> #REF! | D1021: =IF(G1021+H1021<>0,Transaksi!#REF!,"") -> #REF! | E1021: =IF(G1021+H1021<>0,Transaksi!#REF!,"") -> #REF! | F1021: =IF(G1021+H1021<>0,Transaksi!#REF!,"") -> #REF! | G1021: =IF(Transaksi!#REF!=$F$11,Transaksi!#REF!,0) -> #REF! | H1021: =IF(Transaksi!#REF!=$F$11,Transaksi!#REF!,0) -> #REF! | I1021: =I1020+G1021-H1021 -> #REF! | J1021: =IF(G1021+H1021<>0,Transaksi!#REF!,"") -> #REF!
C1022: =IF(G1022+H1022<>0,Transaksi!#REF!,"") -> #REF! | D1022: =IF(G1022+H1022<>0,Transaksi!#REF!,"") -> #REF! | E1022: =IF(G1022+H1022<>0,Transaksi!#REF!,"") -> #REF! | F1022: =IF(G1022+H1022<>0,Transaksi!#REF!,"") -> #REF! | G1022: =IF(Transaksi!#REF!=$F$11,Transaksi!#REF!,0) -> #REF! | H1022: =IF(Transaksi!#REF!=$F$11,Transaksi!#REF!,0) -> #REF! | I1022: =I1021+G1022-H1022 -> #REF! | J1022: =IF(G1022+H1022<>0,Transaksi!#REF!,"") -> #REF!
C1023: =IF(G1023+H1023<>0,Transaksi!#REF!,"") -> #REF! | D1023: =IF(G1023+H1023<>0,Transaksi!#REF!,"") -> #REF! | E1023: =IF(G1023+H1023<>0,Transaksi!#REF!,"") -> #REF! | F1023: =IF(G1023+H1023<>0,Transaksi!#REF!,"") -> #REF! | G1023: =IF(Transaksi!#REF!=$F$11,Transaksi!#REF!,0) -> #REF! | H1023: =IF(Transaksi!#REF!=$F$11,Transaksi!#REF!,0) -> #REF! | I1023: =I1022+G1023-H1023 -> #REF! | J1023: =IF(G1023+H1023<>0,Transaksi!#REF!,"") -> #REF!
...

Sheet LR
B1: LAPORAN/RESUME PENERIMAAN DAN PENGELUARAN
B2: ="Periode : "&Setup!C15&" "&Setup!C14 -> Periode : 05-01-2026
B4: Nama Lembaga | D4: =": "&Setup!C6 -> : Input Nama SPPG di sini
B5: Alamat | D5: =": "&Setup!C8 -> :
B7: URAIAN | G7: Jumlah Periode sebelumya | I7: On Going | J7: Jumlah
B8: PENERIMAAN
B9: =IF('Saldo Buku'!C13="","",'Saldo Buku'!C13) -> Dana Bantuan Pemerintah | G9: ='Saldo Buku'!D13 -> 0 | I9: =SUMIF(Transaksi!$K$11:$K$1020,LR!B9,Transaksi!$M$11:$M$1020)-SUMIF(Transaksi!$K$11:$K$1020,LR!B9,Transaksi!$L$11:$L$1020) -> 0 | J9: =G9+I9 -> 0
B10: =IF('Saldo Buku'!C14="","",'Saldo Buku'!C14) -> Pungutan/Setoran PPN | G10: ='Saldo Buku'!D14 -> 0 | I10: =SUMIF(Transaksi!$K$11:$K$1020,LR!B10,Transaksi!$M$11:$M$1020)-SUMIF(Transaksi!$K$11:$K$1020,LR!B10,Transaksi!$L$11:$L$1020) -> 0 | J10: =G10+I10 -> 0
B11: =IF('Saldo Buku'!C15="","",'Saldo Buku'!C15) -> Pungutan/Setoran PPh 21 | G11: ='Saldo Buku'!D15 -> 0 | I11: =SUMIF(Transaksi!$K$11:$K$1020,LR!B11,Transaksi!$M$11:$M$1020)-SUMIF(Transaksi!$K$11:$K$1020,LR!B11,Transaksi!$L$11:$L$1020) -> 0 | J11: =G11+I11 -> 0
B12: =IF('Saldo Buku'!C16="","",'Saldo Buku'!C16) -> Pungutan/Setoran PPh 22 | G12: ='Saldo Buku'!D16 -> 0 | I12: =SUMIF(Transaksi!$K$11:$K$1020,LR!B12,Transaksi!$M$11:$M$1020)-SUMIF(Transaksi!$K$11:$K$1020,LR!B12,Transaksi!$L$11:$L$1020) -> 0 | J12: =G12+I12 -> 0
B13: =IF('Saldo Buku'!C17="","",'Saldo Buku'!C17) -> Pungutan/Setoran PPh 23 | G13: ='Saldo Buku'!D17 -> 0 | I13: =SUMIF(Transaksi!$K$11:$K$1020,LR!B13,Transaksi!$M$11:$M$1020)-SUMIF(Transaksi!$K$11:$K$1020,LR!B13,Transaksi!$L$11:$L$1020) -> 0 | J13: =G13+I13 -> 0
B14: =IF('Saldo Buku'!C18="","",'Saldo Buku'!C18) -> Pungutan/Setoran PPh pasal 4 ayat (2) | G14: ='Saldo Buku'!D18 -> 0 | I14: =SUMIF(Transaksi!$K$11:$K$1020,LR!B14,Transaksi!$M$11:$M$1020)-SUMIF(Transaksi!$K$11:$K$1020,LR!B14,Transaksi!$L$11:$L$1020) -> 0 | J14: =G14+I14 -> 0
C15: TOTAL PENERIMAAN | H15: =SUM(G9:G14) -> 0 | K15: =SUM(J9:J14) -> 0
B17: PENGELUARAN
B18: =IF('Saldo Buku'!C19="","",'Saldo Buku'!C19) -> Biaya Bahan Baku | I18: =SUMIF(Transaksi!$K$11:$K$1020,LR!B18,Transaksi!$L$11:$L$1020)-SUMIF(Transaksi!$K$11:$K$1020,LR!B18,Transaksi!$M$11:$M$1020) -> 0 | J18: =G18+I18 -> 0
B19: =IF('Saldo Buku'!C20="","",'Saldo Buku'!C20) -> Biaya Operasional | I19: =SUMIF(Transaksi!$K$11:$K$1020,LR!B19,Transaksi!$L$11:$L$1020)-SUMIF(Transaksi!$K$11:$K$1020,LR!B19,Transaksi!$M$11:$M$1020) -> 0 | J19: =G19+I19 -> 0
B20: =IF('Saldo Buku'!C21="","",'Saldo Buku'!C21) -> Biaya Insentif Fasilitas | I20: =SUMIF(Transaksi!$K$11:$K$1020,LR!B20,Transaksi!$L$11:$L$1020)-SUMIF(Transaksi!$K$11:$K$1020,LR!B20,Transaksi!$M$11:$M$1020) -> 0 | J20: =G20+I20 -> 0
B21: =IF(#REF!="","",#REF!) -> #REF! | G21: =#REF! -> #REF! | I21: =SUMIF(Transaksi!$K$11:$K$1020,LR!B21,Transaksi!$L$11:$L$1020)-SUMIF(Transaksi!$K$11:$K$1020,LR!B21,Transaksi!$M$11:$M$1020) -> 0 | J21: =I21 -> 0
B22: =IF(#REF!="","",#REF!) -> #REF! | I22: =SUMIF(Transaksi!$K$11:$K$1020,LR!B22,Transaksi!$L$11:$L$1020)-SUMIF(Transaksi!$K$11:$K$1020,LR!B22,Transaksi!$M$11:$M$1020) -> 0 | J22: =I22 -> 0
B23: =IF(#REF!="","",#REF!) -> #REF! | I23: =SUMIF(Transaksi!$K$11:$K$1010,LR!B23,Transaksi!$L$11:$L$1010)-SUMIF(Transaksi!$K$11:$K$1010,LR!B23,Transaksi!$M$11:$M$1010) -> 0 | J23: =G23+I23 -> 0
C24: TOTAL PENGELUARAN | K24: =SUM(J18:J23) -> 0
B26: BUKU KAS UMUM | H26: =H15-H24 -> 0 | K26: =K15-K24 -> 0
B27: ='Saldo Buku'!C10 -> Petty Cash | G27: ='Saldo Buku'!D10 -> 0 | I27: =SUMIF(Transaksi!$N$11:$N$1020,B27,Transaksi!$O$11:$O$1020)-SUMIF(Transaksi!$N$11:$N$1020,B27,Transaksi!$P$11:$P$1020) -> 0 | J27: =G27+I27 -> 0
B28: ='Saldo Buku'!C11 -> Kas di Bank | G28: ='Saldo Buku'!D11 -> 0 | I28: =SUMIF(Transaksi!$N$11:$N$1020,B28,Transaksi!$O$11:$O$1020)-SUMIF(Transaksi!$N$11:$N$1020,B28,Transaksi!$P$11:$P$1020) -> 0 | J28: =G28+I28 -> 0 | K28: =J28+J27 -> 0
H29: =H26-G27-G28 -> 0 | K29: =K26-K28 -> 0 | M29: =IF(K29=0,"Oke, Cocok","Tidak Cocok") -> Oke, Cocok
C30: Mengetahui | J30: =Setup!C19&", "&Setup!C18 -> ,
C31: ="Kepala "&Setup!C6 -> Kepala Input Nama SPPG di sini | J31: Staf Pengawas Keuangan
C35: =Setup!C9 -> 0 | J35: =Setup!C10 -> 0

Sheet LPA
B1: Kop surat SPPG
B5: LAPORAN PENGGUNAAN DANA DUA PEKANAN
B6: =IF(Setup!C20="","","Nomor: "&Setup!C20)
B7: =Transaksi!C5 -> Periode : 05-01-2026 s.d. 17-01-2026
B9: Yang bertanda tangan di bawah ini:
B11: Nama | D11: : | E11: =IF(Setup!C9="","….............",Setup!C9) -> ….............
B12: Jabatan | D12: : | E12: Kepala SPPG
B13: Yayasan | D13: : | E13: =IF(Setup!C11="","….............",Setup!C11) -> ….............
B14: SPPG | D14: : | E14: =IF(Setup!C6="","….............",Setup!C6) -> Input Nama SPPG di sini
B15: ID SPPG | D15: : | E15: =IF(Setup!C7="","….............",Setup!C7) -> ….............
B17: Dengan ini menyatakan bahwa laporan penggunaan dana sebagai berikut: | AA17: Sisa Anggaran | AB17: =F25 -> 0
B18: I. RINCIAN KEUANGAN | AA18: =LEN(AB18) -> 1 | AB18: =RIGHT(AB17,3) -> 0
B19: Dana Pemasukan | F19: =LR!K15 -> 0 | H19: (termasuk saldo akhir periode yang lalu) | AA19: =LEN(AB19) -> 1 | AB19: =RIGHT(AB17,6) -> 0
B20: Realisasi Anggaran | AA20: =LEN(AB20) -> 1 | AB20: =RIGHT(AB17,9) -> 0
B21: Bahan Baku | F21: =LR!J18 -> 0 | AA21: =LEN(AB21) -> 1 | AB21: =RIGHT(AB17,12) -> 0
B22: Operasional | F22: =LR!J19 -> 0 | AB22: =AB18&",-" -> 0,-
B23: Insentif Fasilitas | F23: =LR!J20 -> 0 | AB23: =LEFT(AB19,3)&"." -> 0.
B24: Total Belanja | F24: =SUM(F21:F23) -> 0 | AB24: =LEFT(AB20,3-(9-AA20))&"." -> #VALUE!
B25: Sisa Anggaran | F25: =F19-F24 -> 0 | AB25: =IF(AA21<=9,"",LEFT(AB21,3-(12-AA21)))&" "
AB26: =AB25&AB24&AB23&AB22 -> #VALUE!
B27: II. KETERANGAN
B28: Dana yang telah digunakan sesuai dengan kebutuhan kegiatan yang telah direncanakan, dengan rincian
B29: sebagai berikut:
B30: Bahan Baku | E30: : | F30: Pengadaan bahan baku utama untuk pelaksanaan kegiatan
B31: Operasional | E31: : | F31: Biaya transportasi, ATK, bahan bakar, dan keperluan teknis lainnya.
B32: Insentif Fasilitas | E32: : | F32: Bangunan, dan lain-lain.
B33: Nomor rekening/Virtual Account | E33: : | F33: =IF(Setup!C13="","….............",Setup!C13) -> ….............
B35: ="Sisa dana sebesar Rp"&AB26&" akan dialihkan ke periode selanjutnya." -> #VALUE!
B36: Pengalihan sisa dana ini bertujuan untuk mendukung kegiatan yang telah direncanakan.
I38: =Setup!C19&"," -> , | K38: =IF(Setup!C18="","",Setup!C18)
C39: Pihak Pertama, | I39: Pihak Kedua,
C40: =IF(Setup!C11="","….............",Setup!C11) -> …............. | I40: Staf Pengawas Keuangan
I41: =Setup!C6 -> Input Nama SPPG di sini
C46: =IF(Setup!C12="","….............",Setup!C12) -> …............. | I46: =IF(Setup!C10="","…..................",Setup!C10) -> …..................
C47: Ketua/Mewakili
F48: Mengetahui,
F49: ="Kepala "&Setup!C6 -> Kepala Input Nama SPPG di sini
F54: =IF(Setup!C9="","…..................",Setup!C9) -> …..................

Sheet SPTJ
A1: Kop surat Yayasan
A5: SURAT PERNYATAAN TANGGUNG JAWAB
A8: Saya yang bertanda tangan di bawah ini:
A10: Nama | C10: : | D10: =IF(Setup!C12="","….............",Setup!C12) -> ….............
A12: Jabatan | C12: : | D12: ="Perwakilan "&IF(Setup!C11="","….............",Setup!C11) -> Perwakilan ….............
A14: menyatakan bertanggung jawab secara formal dan material atas penerimaan dan pengeluaran dana yang
A15: ="dilaksanakan dengan menggunakan dana APBN TA "&Setup!C14&" melalui DIPA Badan Gizi Nasional TA "&Setup!C14&"," -> dilaksanakan dengan menggunakan dana APBN TA melalui DIPA Badan Gizi Nasional TA ,
A16: dengan mata anggaran sebagai Bantuan Pemerintah untuk Program Makan Bergizi Gratis. Sebagaimana
A17: Surat Pernyataan Tanggung Jawab penggunaan anggaran Bahan Baku/Operasional/Insentif Fasilitas
A18: beserta bukti-bukti pengeluaran yang sah dengan rincian:
A20: 1. Jumlah Penerimaan | D20: : | E20: =LPA!F19 -> 0
A22: 2. Jumlah Pengeluaran | D22: : | E22: =LPA!F24 -> 0
A24: 3. Sisa Dana | D24: : | E24: =E20-E22 -> 0
A26: Demikian surat ini saya buat untuk dapat dipergunakan sebagaimana mestinya dan untuk dapat
A27: dipertanggungjawabkan.
H29: =Setup!C19&"," -> , | J29: =IF(Setup!C18="","",Setup!C18)
H30: ="Perwakilan "&Setup!C11 -> Perwakilan
H35: =IF(Setup!C12="","….............",Setup!C12) -> ….............

Sheet BAPSD
A1: Kop surat SPPG
A5: BERITA ACARA PENGALIHAN SISA DANA
A6: =IF(Setup!C21="","","Nomor: "&Setup!C21)
A9: ="Sehubungan dengan telah berakhirnya periode "&Setup!C15&", sisa dana sebesar" -> Sehubungan dengan telah berakhirnya periode 05-01-2026, sisa dana sebesar
A10: ="Rp"&LPA!AB26&" akan dialihkan ke periode selanjutnya yang dimulai pada tanggal "&Setup!C17 -> #VALUE!
A11: Pengalihan sisa dana ini bertujuan untuk mendukung kegiatan yang direncanakan pada periode berikutnya.
H15: =Setup!C19&"," -> , | J15: =IF(Setup!C18="","",Setup!C18)
B16: Pihak Pertama, | H16: Pihak Kedua,
B17: =IF(Setup!C11="","….............",Setup!C11) -> …............. | H17: Staf Pengawas Keuangan
H18: =Setup!C6 -> Input Nama SPPG di sini
B24: =IF(Setup!C12="","….............",Setup!C12) -> …............. | H24: =IF(Setup!C10="","…................",Setup!C10) -> …................
B25: Ketua/Mewakili
F26: Mengetahui,
F27: ="Kepala "&Setup!C6 -> Kepala Input Nama SPPG di sini
F33: =IF(Setup!C9="","…................",Setup!C9) -> …................

Sheet Catatan
C5: CATATAN PENGELUARAN HARIAN
C6: =Transaksi!C5 -> Periode : 05-01-2026 s.d. 17-01-2026
B8: Transaksi! | C8: Nama SPPG | D8: =": "&Setup!C6 -> : Input Nama SPPG di sini
B9: V | C9: ID SPPG | D9: =": "&Setup!C7 -> :
C10: Alamat | D10: =": "&Setup!C8 -> :
B11: W1000
B12: Belanja | C12: Sisa dana yang lalu | E12: ='Saldo Buku'!D8 -> 0
C13: Dana yang diterima saat ini | E13: =SUM(LR!I9:I11) -> 0
C14: Jumlah dana tersedia | E14: =E12+E13 -> 0
C15: Biaya bahan baku | E15: =LR!I18 -> 0
C16: Biaya operasional | E16: =LR!I19 -> 0
C17: Biaya insentif fasilitas | E17: =LR!I20 -> 0
C18: Total pengeluaran | E18: =E15+E16+E17 -> 0
C19: Sisa dana saat ini | E19: =E14-E18 -> 0
C21: Tanggal | D21: Uraian Transaksi | E21: Jumlah | G21: CATATAN:
A22: R | C22: 1 | D22: 3 | E22: 4 | G22: Jangan lupa, input tanggal awal periode, pada sel | AA22: Debet
A23: =IFERROR(VLOOKUP(B12,Transaksi!V11:W1000,2,FALSE),"") | B23: =IF(A23="","",A23+1) | C23: =Setup!C15 -> 05-01-2026 | D23: =IF(E23<>0,"Pengeluaran harian","") | E23: =SUMIF(Transaksi!$C$11:$C$1010,C23,Transaksi!$Q$11:$Q$1010) -> 0 | G23: warna kuning dgn format dd-mm-yyyy | AA23: =SUMIF(Transaksi!$C$11:$C$1010,C23,Transaksi!$R$11:$R$1010) -> 0
A24: =IFERROR(VLOOKUP($B$12,INDIRECT($B$8&$B$9&B23&":"&$B$11),2,FALSE),"") | B24: =IF(A24="","",A24+1) | C24: =C23+1 -> 46144 | D24: =IF(E24<>0,"Pengeluaran harian","") | E24: =SUMIF(Transaksi!$C$11:$C$1010,C24,Transaksi!$Q$11:$Q$1010) -> 0 | AA24: =SUMIF(Transaksi!$C$11:$C$1010,C24,Transaksi!$R$11:$R$1010) -> 0
A25: =IFERROR(VLOOKUP($B$12,INDIRECT($B$8&$B$9&B24&":"&$B$11),2,FALSE),"") | B25: =IF(A25="","",A25+1) | C25: =C24+1 -> 46145 | D25: =IF(E25<>0,"Pengeluaran harian","") | E25: =SUMIF(Transaksi!$C$11:$C$1010,C25,Transaksi!$Q$11:$Q$1010) -> 0 | AA25: =SUMIF(Transaksi!$C$11:$C$1010,C25,Transaksi!$R$11:$R$1010) -> 0
A26: =IFERROR(VLOOKUP($B$12,INDIRECT($B$8&$B$9&B25&":"&$B$11),2,FALSE),"") | B26: =IF(A26="","",A26+1) | C26: =C25+1 -> 46146 | D26: =IF(E26<>0,"Pengeluaran harian","") | E26: =SUMIF(Transaksi!$C$11:$C$1010,C26,Transaksi!$Q$11:$Q$1010) -> 0 | AA26: =SUMIF(Transaksi!$C$11:$C$1010,C26,Transaksi!$R$11:$R$1010) -> 0
A27: =IFERROR(VLOOKUP($B$12,INDIRECT($B$8&$B$9&B26&":"&$B$11),2,FALSE),"") | B27: =IF(A27="","",A27+1) | C27: =C26+1 -> 46147 | D27: =IF(E27<>0,"Pengeluaran harian","") | E27: =SUMIF(Transaksi!$C$11:$C$1010,C27,Transaksi!$Q$11:$Q$1010) -> 0 | AA27: =SUMIF(Transaksi!$C$11:$C$1010,C27,Transaksi!$R$11:$R$1010) -> 0
A28: =IFERROR(VLOOKUP($B$12,INDIRECT($B$8&$B$9&B27&":"&$B$11),2,FALSE),"") | B28: =IF(A28="","",A28+1) | C28: =C27+1 -> 46148 | D28: =IF(E28<>0,"Pengeluaran harian","") | E28: =SUMIF(Transaksi!$C$11:$C$1010,C28,Transaksi!$Q$11:$Q$1010) -> 0 | AA28: =SUMIF(Transaksi!$C$11:$C$1010,C28,Transaksi!$R$11:$R$1010) -> 0
A29: =IFERROR(VLOOKUP($B$12,INDIRECT($B$8&$B$9&B28&":"&$B$11),2,FALSE),"") | B29: =IF(A29="","",A29+1) | C29: =C28+2 -> 46150 | D29: =IF(E29<>0,"Pengeluaran harian","") | E29: =SUMIF(Transaksi!$C$11:$C$1010,C29,Transaksi!$Q$11:$Q$1010) -> 0 | AA29: =SUMIF(Transaksi!$C$11:$C$1010,C29,Transaksi!$R$11:$R$1010) -> 0
A30: =IFERROR(VLOOKUP($B$12,INDIRECT($B$8&$B$9&B29&":"&$B$11),2,FALSE),"") | B30: =IF(A30="","",A30+1) | C30: =C29+1 -> 46151 | D30: =IF(E30<>0,"Pengeluaran harian","") | E30: =SUMIF(Transaksi!$C$11:$C$1010,C30,Transaksi!$Q$11:$Q$1010) -> 0 | AA30: =SUMIF(Transaksi!$C$11:$C$1010,C30,Transaksi!$R$11:$R$1010) -> 0
A31: =IFERROR(VLOOKUP($B$12,INDIRECT($B$8&$B$9&B30&":"&$B$11),2,FALSE),"") | B31: =IF(A31="","",A31+1) | C31: =C30+1 -> 46152 | D31: =IF(E31<>0,"Pengeluaran harian","") | E31: =SUMIF(Transaksi!$C$11:$C$1010,C31,Transaksi!$Q$11:$Q$1010) -> 0 | AA31: =SUMIF(Transaksi!$C$11:$C$1010,C31,Transaksi!$R$11:$R$1010) -> 0
A32: =IFERROR(VLOOKUP($B$12,INDIRECT($B$8&$B$9&B31&":"&$B$11),2,FALSE),"") | B32: =IF(A32="","",A32+1) | C32: =C31+1 -> 46153 | D32: =IF(E32<>0,"Pengeluaran harian","") | E32: =SUMIF(Transaksi!$C$11:$C$1010,C32,Transaksi!$Q$11:$Q$1010) -> 0 | AA32: =SUMIF(Transaksi!$C$11:$C$1010,C32,Transaksi!$R$11:$R$1010) -> 0
A33: =IFERROR(VLOOKUP($B$12,INDIRECT($B$8&$B$9&B32&":"&$B$11),2,FALSE),"") | B33: =IF(A33="","",A33+1) | C33: =C32+1 -> 46154 | D33: =IF(E33<>0,"Pengeluaran harian","") | E33: =SUMIF(Transaksi!$C$11:$C$1010,C33,Transaksi!$Q$11:$Q$1010) -> 0 | AA33: =SUMIF(Transaksi!$C$11:$C$1010,C33,Transaksi!$R$11:$R$1010) -> 0
A34: =IFERROR(VLOOKUP($B$12,INDIRECT($B$8&$B$9&B33&":"&$B$11),2,FALSE),"") | B34: =IF(A34="","",A34+1) | C34: =C33+1 -> 46155 | D34: =IF(E34<>0,"Pengeluaran harian","") | E34: =SUMIF(Transaksi!$C$11:$C$1010,C34,Transaksi!$Q$11:$Q$1010) -> 0 | AA34: =SUMIF(Transaksi!$C$11:$C$1010,C34,Transaksi!$R$11:$R$1010) -> 0
A35: =IFERROR(VLOOKUP($B$12,INDIRECT($B$8&$B$9&B34&":"&$B$11),2,FALSE),"") | B35: =IF(A35="","",A35+1) | C35: =IFERROR(VLOOKUP(A35,Transaksi!$A$11:$C$1000,3,FALSE),"") | D35: Total Pengeluaran | E35: =SUM(E23:E34) -> 0

Sheet DafNom
B1: DAFTAR NOMINATIF
B2: PEMBAYARAN INSENTIF RELAWAN
B3: SESUAI SURAT KEPUTUSAN/TUGAS NOMOR … TANGGAL …
B5: No | C5: JENIS | D5: NAMA | E5: Oktober | O5: HONORARIUM | P5: DANA | Q5: TK | R5: PJ | S5: TOTAL
C6: PEKERJAAN | F6: =IF(E6="","",E6+1) | G6: =IF(E6="","",E6+2) | H6: =IF(E6="","",E6+3) | I6: =IF(E6="","",E6+4) | K6: =IF(J6="","",J6+1) | L6: =IF(J6="","",J6+2) | M6: =IF(J6="","",J6+3) | N6: =IF(J6="","",J6+4) | O6: SUKARELAWAN | P6: KESEHATAN | S6: UPAH
B7: 1 | C7: Asisten Lapangan | E7: 200000 | F7: 200000 | G7: 200000 | H7: 200000 | I7: 200000 | J7: 200000 | K7: 200000 | L7: 200000 | M7: 200000 | N7: 200000 | O7: =SUM(E7:N7) -> 2000000 | P7: 68000 | S7: =O7+P7+Q7+R7 -> 2068000
B8: 2
B9: 3 | C9: Persiapan Bahan Makanan | E9: 100000 | F9: 100000 | G9: 100000 | H9: 100000 | I9: 100000 | J9: 100000 | K9: 100000 | L9: 100000 | M9: 100000 | N9: 100000 | O9: =SUM(E9:N9) -> 1000000 | P9: 68000 | R9: 125000 | S9: =O9+P9+Q9+R9 -> 1193000
B10: 4 | E10: 100000 | F10: 100000 | G10: 100000 | H10: 100000 | I10: 100000 | J10: 100000 | K10: 100000 | L10: 100000 | M10: 100000 | N10: 100000 | O10: =SUM(E10:N10) -> 1000000 | P10: 68000 | S10: =O10+P10+Q10+R10 -> 1068000
B11: 5 | E11: 100000 | F11: 100000 | G11: 100000 | H11: 100000 | I11: 100000 | J11: 100000 | K11: 100000 | L11: 100000 | M11: 100000 | N11: 100000 | O11: =SUM(E11:N11) -> 1000000 | P11: 68000 | S11: =O11+P11+Q11+R11 -> 1068000
B12: 6 | E12: 100000 | F12: 100000 | G12: 100000 | H12: 100000 | I12: 100000 | J12: 100000 | K12: 100000 | L12: 100000 | M12: 100000 | N12: 100000 | O12: =SUM(E12:N12) -> 1000000 | P12: 68000 | S12: =O12+P12+Q12+R12 -> 1068000
B13: 7 | E13: 100000 | F13: 100000 | G13: 100000 | H13: 100000 | I13: 100000 | J13: 100000 | K13: 100000 | L13: 100000 | M13: 100000 | N13: 100000 | O13: =SUM(E13:N13) -> 1000000 | P13: 68000 | S13: =O13+P13+Q13+R13 -> 1068000
B14: 8 | E14: 100000 | F14: 100000 | G14: 100000 | H14: 100000 | I14: 100000 | J14: 100000 | K14: 100000 | L14: 100000 | M14: 100000 | N14: 100000 | O14: =SUM(E14:N14) -> 1000000 | P14: 68000 | S14: =O14+P14+Q14+R14 -> 1068000
B15: 9 | E15: 100000 | F15: 100000 | G15: 100000 | H15: 100000 | I15: 100000 | J15: 100000 | K15: 100000 | L15: 100000 | M15: 100000 | N15: 100000 | O15: =SUM(E15:N15) -> 1000000 | P15: 68000 | S15: =O15+P15+Q15+R15 -> 1068000
B16: 10 | E16: 100000 | F16: 100000 | G16: 100000 | H16: 100000 | I16: 100000 | J16: 100000 | K16: 100000 | L16: 100000 | M16: 100000 | N16: 100000 | O16: =SUM(E16:N16) -> 1000000 | P16: 68000 | S16: =O16+P16+Q16+R16 -> 1068000
B17: 11
B18: 12 | C18: Pengolahan Bahan Makanan (bagian memasak | E18: 120000 | F18: 120000 | G18: 120000 | H18: 120000 | I18: 120000 | J18: 120000 | K18: 120000 | L18: 120000 | M18: 120000 | N18: 120000 | O18: =SUM(E18:N18) -> 1200000 | P18: 68000 | R18: 125000 | S18: =O18+P18+Q18+R18 -> 1393000
B19: 13 | E19: 120000 | F19: 120000 | G19: 120000 | H19: 120000 | I19: 120000 | J19: 120000 | K19: 120000 | L19: 120000 | M19: 120000 | N19: 120000 | O19: =SUM(E19:N19) -> 1200000 | P19: 68000 | S19: =O19+P19+Q19+R19 -> 1268000
B20: 14 | E20: 120000 | F20: 120000 | G20: 120000 | H20: 120000 | I20: 120000 | J20: 120000 | K20: 120000 | L20: 120000 | M20: 120000 | N20: 120000 | O20: =SUM(E20:N20) -> 1200000 | P20: 68000 | S20: =O20+P20+Q20+R20 -> 1268000
B21: 15 | E21: 120000 | F21: 120000 | G21: 120000 | H21: 120000 | I21: 120000 | J21: 120000 | K21: 120000 | L21: 120000 | M21: 120000 | N21: 120000 | O21: =SUM(E21:N21) -> 1200000 | P21: 68000 | S21: =O21+P21+Q21+R21 -> 1268000
B22: 16 | E22: 120000 | F22: 120000 | G22: 120000 | H22: 120000 | I22: 120000 | J22: 120000 | K22: 120000 | L22: 120000 | M22: 120000 | N22: 120000 | O22: =SUM(E22:N22) -> 1200000 | P22: 68000 | S22: =O22+P22+Q22+R22 -> 1268000
B23: 17
B24: 18 | C24: Pemorsian | E24: 100000 | F24: 100000 | G24: 100000 | H24: 100000 | I24: 100000 | J24: 100000 | K24: 100000 | L24: 100000 | M24: 100000 | N24: 100000 | O24: =SUM(E24:N24) -> 1000000 | P24: 68000 | R24: 125000 | S24: =O24+P24+Q24+R24 -> 1193000
B25: 19 | E25: 100000 | F25: 100000 | G25: 100000 | H25: 100000 | I25: 100000 | J25: 100000 | K25: 100000 | L25: 100000 | M25: 100000 | N25: 100000 | O25: =SUM(E25:N25) -> 1000000 | P25: 68000 | S25: =O25+P25+Q25+R25 -> 1068000
B26: 20 | E26: 100000 | F26: 100000 | G26: 100000 | H26: 100000 | I26: 100000 | J26: 100000 | K26: 100000 | L26: 100000 | M26: 100000 | N26: 100000 | O26: =SUM(E26:N26) -> 1000000 | P26: 68000 | S26: =O26+P26+Q26+R26 -> 1068000
B27: 21 | E27: 100000 | F27: 100000 | G27: 100000 | H27: 100000 | I27: 100000 | J27: 100000 | K27: 100000 | L27: 100000 | M27: 100000 | N27: 100000 | O27: =SUM(E27:N27) -> 1000000 | P27: 68000 | S27: =O27+P27+Q27+R27 -> 1068000
B28: 22 | E28: 100000 | F28: 100000 | G28: 100000 | H28: 100000 | I28: 100000 | J28: 100000 | K28: 100000 | L28: 100000 | M28: 100000 | N28: 100000 | O28: =SUM(E28:N28) -> 1000000 | P28: 68000 | S28: =O28+P28+Q28+R28 -> 1068000
B29: 23 | E29: 100000 | F29: 100000 | G29: 100000 | H29: 100000 | I29: 100000 | J29: 100000 | K29: 100000 | L29: 100000 | M29: 100000 | N29: 100000 | O29: =SUM(E29:N29) -> 1000000 | P29: 68000 | S29: =O29+P29+Q29+R29 -> 1068000
B30: 24 | E30: 100000 | F30: 100000 | G30: 100000 | H30: 100000 | I30: 100000 | J30: 100000 | K30: 100000 | L30: 100000 | M30: 100000 | N30: 100000 | O30: =SUM(E30:N30) -> 1000000 | P30: 68000 | S30: =O30+P30+Q30+R30 -> 1068000
B31: 25
B32: 26 | C32: Distribusi | E32: 100000 | F32: 100000 | G32: 100000 | H32: 100000 | I32: 100000 | J32: 100000 | K32: 100000 | L32: 100000 | M32: 100000 | N32: 100000 | O32: =SUM(E32:N32) -> 1000000 | P32: 68000 | R32: 125000 | S32: =O32+P32+Q32+R32 -> 1193000
B33: 27 | E33: 100000 | F33: 100000 | G33: 100000 | H33: 100000 | I33: 100000 | J33: 100000 | K33: 100000 | L33: 100000 | M33: 100000 | N33: 100000 | O33: =SUM(E33:N33) -> 1000000 | P33: 68000 | S33: =O33+P33+Q33+R33 -> 1068000
B34: 28 | E34: 100000 | F34: 100000 | G34: 100000 | H34: 100000 | I34: 100000 | J34: 100000 | K34: 100000 | L34: 100000 | M34: 100000 | N34: 100000 | O34: =SUM(E34:N34) -> 1000000 | P34: 68000 | S34: =O34+P34+Q34+R34 -> 1068000
B35: 29
B36: 30 | C36: Keamanan | E36: 50000 | F36: 50000 | G36: 50000 | H36: 50000 | I36: 50000 | J36: 50000 | K36: 50000 | L36: 50000 | M36: 50000 | N36: 50000 | O36: =SUM(E36:N36) -> 500000 | S36: =O36+P36+Q36+R36 -> 500000
B37: 31 | E37: 50000 | F37: 50000 | G37: 50000 | H37: 50000 | I37: 50000 | J37: 50000 | K37: 50000 | L37: 50000 | M37: 50000 | N37: 50000 | O37: =SUM(E37:N37) -> 500000 | S37: =O37+P37+Q37+R37 -> 500000
B38: 32 | E38: 50000 | F38: 50000 | G38: 50000 | H38: 50000 | I38: 50000 | J38: 50000 | K38: 50000 | L38: 50000 | M38: 50000 | N38: 50000 | O38: =SUM(E38:N38) -> 500000 | S38: =O38+P38+Q38+R38 -> 500000
B39: 33 | E39: 50000 | F39: 50000 | G39: 50000 | H39: 50000 | I39: 50000 | J39: 50000 | K39: 50000 | L39: 50000 | M39: 50000 | N39: 50000 | O39: =SUM(E39:N39) -> 500000 | S39: =O39+P39+Q39+R39 -> 500000
B40: 34 | E40: 50000 | F40: 50000 | G40: 50000 | H40: 50000 | I40: 50000 | J40: 50000 | K40: 50000 | L40: 50000 | M40: 50000 | N40: 50000 | O40: =SUM(E40:N40) -> 500000 | S40: =O40+P40+Q40+R40 -> 500000
B41: 35
B42: 36 | C42: Petugas Kebersihan | E42: 100000 | F42: 100000 | G42: 100000 | H42: 100000 | I42: 100000 | J42: 100000 | K42: 100000 | L42: 100000 | M42: 100000 | N42: 100000 | O42: =SUM(E42:N42) -> 1000000 | P42: 68000 | Q42: 150000 | R42: 125000 | S42: =O42+P42+Q42+R42 -> 1343000
B43: 37 | E43: 100000 | F43: 100000 | G43: 100000 | H43: 100000 | I43: 100000 | J43: 100000 | K43: 100000 | L43: 100000 | M43: 100000 | N43: 100000 | O43: =SUM(E43:N43) -> 1000000 | P43: 68000 | Q43: 150000 | S43: =O43+P43+Q43+R43 -> 1218000
B44: 38 | E44: 100000 | F44: 100000 | G44: 100000 | H44: 100000 | I44: 100000 | J44: 100000 | K44: 100000 | L44: 100000 | M44: 100000 | N44: 100000 | O44: =SUM(E44:N44) -> 1000000 | P44: 68000 | Q44: 150000 | S44: =O44+P44+Q44+R44 -> 1218000
B45: 39 | E45: 100000 | F45: 100000 | G45: 100000 | H45: 100000 | I45: 100000 | J45: 100000 | K45: 100000 | L45: 100000 | M45: 100000 | N45: 100000 | O45: =SUM(E45:N45) -> 1000000 | P45: 68000 | Q45: 150000 | S45: =O45+P45+Q45+R45 -> 1218000
B46: 40
B47: 41 | C47: Pencuci Alat Makan | E47: 100000 | F47: 100000 | G47: 100000 | H47: 100000 | I47: 100000 | J47: 100000 | K47: 100000 | L47: 100000 | M47: 100000 | N47: 100000 | O47: =SUM(E47:N47) -> 1000000 | P47: 68000 | Q47: 150000 | S47: =O47+P47+Q47+R47 -> 1218000
B48: 42 | E48: 100000 | F48: 100000 | G48: 100000 | H48: 100000 | I48: 100000 | J48: 100000 | K48: 100000 | L48: 100000 | M48: 100000 | N48: 100000 | O48: =SUM(E48:N48) -> 1000000 | P48: 68000 | R48: 125000 | S48: =O48+P48+Q48+R48 -> 1193000
B49: 43 | E49: 100000 | F49: 100000 | G49: 100000 | H49: 100000 | I49: 100000 | J49: 100000 | K49: 100000 | L49: 100000 | M49: 100000 | N49: 100000 | P49: 68000 | S49: =O49+P49+Q49+R49 -> 68000
B50: 44 | E50: 100000 | F50: 100000 | G50: 100000 | H50: 100000 | I50: 100000 | J50: 100000 | K50: 100000 | L50: 100000 | M50: 100000 | N50: 100000 | P50: 68000 | Q50: 50000 | S50: =O50+P50+Q50+R50 -> 118000
B51: 45 | E51: 100000 | F51: 100000 | G51: 100000 | H51: 100000 | I51: 100000 | J51: 100000 | K51: 100000 | L51: 100000 | M51: 100000 | N51: 100000 | P51: 68000 | S51: =O51+P51+Q51+R51 -> 68000
B52: 46 | E52: 100000 | F52: 100000 | G52: 100000 | H52: 100000 | I52: 100000 | J52: 100000 | K52: 100000 | L52: 100000 | M52: 100000 | N52: 100000 | P52: 68000 | S52: =O52+P52+Q52+R52 -> 68000
B53: 47 | E53: 100000 | F53: 100000 | G53: 100000 | H53: 100000 | I53: 100000 | J53: 100000 | K53: 100000 | L53: 100000 | M53: 100000 | N53: 100000 | P53: 68000 | S53: =O53+P53+Q53+R53 -> 68000
B54: 48 | E54: 100000 | F54: 100000 | G54: 100000 | H54: 100000 | I54: 100000 | J54: 100000 | K54: 100000 | L54: 100000 | M54: 100000 | N54: 100000 | P54: 68000 | Q54: 50000 | S54: =O54+P54+Q54+R54 -> 118000
B55: 49 | E55: 100000 | F55: 100000 | G55: 100000 | H55: 100000 | I55: 100000 | J55: 100000 | K55: 100000 | L55: 100000 | M55: 100000 | N55: 100000 | P55: 68000 | S55: =O55+P55+Q55+R55 -> 68000
B56: 50 | E56: 100000 | F56: 100000 | G56: 100000 | H56: 100000 | I56: 100000 | J56: 100000 | K56: 100000 | L56: 100000 | M56: 100000 | N56: 100000 | P56: 68000 | S56: =O56+P56+Q56+R56 -> 68000
C57: TOTAL | E57: =SUM(E7:E56) -> 4250000 | F57: =SUM(F7:F56) -> 4250000 | G57: =SUM(G7:G56) -> 4250000 | H57: =SUM(H7:H56) -> 4250000 | I57: =SUM(I7:I56) -> 4250000 | J57: =SUM(J7:J56) -> 4250000 | K57: =SUM(K7:K56) -> 4250000 | L57: =SUM(L7:L56) -> 4250000 | ... R57: =SUM(R7:R56) -> 750000 | S57: =SUM(E57:R57) -> 81184000

Sheet Ref_Brg
A3: =IF(Setup!C6="","Nama SPPG.....",Setup!C6) -> Input Nama SPPG di sini
A4: REFERENSI BARANG PERSEDIAAN
A5: =Transaksi!C5 -> Periode : 05-01-2026 s.d. 17-01-2026
A7: Kode | B7: Nama Barang | C7: Satuan
A8: KH | B8: KARBOHIDRAT | E8: CATATAN:
A9: KH.01 | B9: BERAS DAN OLAHAN PADI | E9: Barang persediaan diklasifikasikan
A10: KH.01.001 | B10: Beras putih (premium) | C10: kg | E10: ke dalam 3 level, yaitu kelompok,
A11: KH.01.002 | B11: Beras putih (medium) | C11: kg | E11: sub kelompok, dan sub-sub kelompok.
A12: KH.01.003 | B12: Beras merah | C12: kg | E12: Pengguna aplikasi hanya bisa
A13: KH.01.004 | B13: Beras hitam | C13: kg | E13: mengubah sub-sub kelompok barang.
A14: KH.01.005 | B14: Beras ketan putih | C14: kg | E14: (warna hitam)
A15: KH.01.006 | B15: Beras ketan hitam | C15: kg
A16: KH.01.007 | B16: Tepung beras | C16: kg
A17: KH.01.008 | B17: Tepung ketan | C17: kg
A18: KH.01.009 | B18: Mie beras | C18: kg
A19: KH.01.099 | B19: Beras dan olahan padi-lainnya | C19: kg
A20: KH.02 | B20: JAGUNG DAN OLAHANNYA
A21: KH.02.001 | B21: Jagung pipil kering | C21: kg
A22: KH.02.002 | B22: Jagung pipil segar | C22: kg
A23: KH.02.003 | B23: Jagung manis segar | C23: kg
A24: KH.02.004 | B24: Beras jagung | C24: kg
A25: KH.02.005 | B25: Jagung giling | C25: kg
A26: KH.02.006 | B26: Tepung jagung (maizena) | C26: kg
A27: KH.02.007 | B27: Tepung jagung lokal (cornmeal) | C27: kg
A28: KH.02.099 | B28: Jagung dan olahan-lainnya | C28: kg
A29: KH.03 | B29: UMBI-UMBIAN
A30: KH.03.001 | B30: Singkong segar | C30: kg
A31: KH.03.002 | B31: Singkong kering/gaplek | C31: kg
A32: KH.03.003 | B32: Tepung singkong (tapioka) | C32: kg
A33: KH.03.004 | B33: Mocaf | C33: kg
A34: KH.03.005 | B34: Ubi jalar putih | C34: kg
A35: KH.03.006 | B35: Ubi jalar kuning/oranye | C35: kg
A36: KH.03.007 | B36: Ubi jalar ungu | C36: kg
A37: KH.03.008 | B37: Kentang | C37: kg
A38: KH.03.009 | B38: Talas | C38: kg
A39: KH.03.010 | B39: Ganyong | C39: kg
A40: KH.03.011 | B40: Sagu basah | C40: kg
A41: KH.03.012 | B41: Tepung sagu | C41: kg
A42: KH.03.099 | B42: Umbi umbian-lainnya | C42: kg
A43: KH.04 | B43: GANDUM DAN OLAHAN TEPUNG
A44: KH.04.001 | B44: Tepung terigu protein rendah | C44: kg
A45: KH.04.002 | B45: Tepung terigu protein sedang | C45: kg
A46: KH.04.003 | B46: Tepung terigu protein tinggi | C46: kg
A47: KH.04.004 | B47: Tepung semolina | C47: kg
A48: KH.04.005 | B48: Mie kering (non-instan) | C48: pak
A49: KH.04.006 | B49: Spageti | C49: pak
A50: KH.04.007 | B50: Makaroni | C50: pak
A51: KH.04.008 | B51: Roti tawar | C51: pak
A52: KH.04.009 | B52: Roti gandum | C52: pak
A53: KH.04.010 | B53: Tepung panir | C53: pak
A54: KH.04.011 | B54: Biskuit | C54: pak
A55: KH.04.012 | B55: Bubur bayi | C55: pak
A56: KH.04.099 | B56: Gandum dan olahan tepung-lainnya | C56: pak
A57: KH.05 | B57: SEREAL
A58: KH.05.001 | B58: Oat (rolled oats) | C58: kg
A59: KH.05.002 | B59: Oat instan | C59: kg
A60: KH.05.003 | B60: Sorgum biji | C60: kg
A61: KH.05.004 | B61: Tepung sorgum | C61: kg
A62: KH.05.005 | B62: Millet/jewawut biji | C62: kg
A63: KH.05.006 | B63: Tepung millet | C63: kg
A64: KH.05.099 | B64: Sereal-lainnya | C64: kg
A65: PH | B65: PROTEIN HEWANI
A66: PH.01 | B66: UNGGAS DAN OLAHANNYA
A67: PH.01.001 | B67: Ayam broiler utuh | C67: kg
A68: PH.01.002 | B68: Fillet dada ayam | C68: kg
A69: PH.01.003 | B69: Paha ayam atas | C69: kg
A70: PH.01.004 | B70: Paha ayam bawah (drumstick) | C70: kg
A71: PH.01.005 | B71: Sayap ayam | C71: kg
A72: PH.01.006 | B72: Hati ayam | C72: kg
A73: PH.01.007 | B73: Ampela ayam | C73: kg
A74: PH.01.008 | B74: Telur ayam ras/negeri | C74: kg
A75: PH.01.009 | B75: Telur ayam kampung | C75: kg
A76: PH.01.010 | B76: Telur puyuh | C76: kg
A77: PH.01.011 | B77: Sosis ayam | C77: pak
A78: PH.01.099 | B78: Ayam dan olahannya-lainnya | C78: kg
A79: PH.02 | B79: DAGING SAPI/KERBAU/KAMBING
A80: PH.02.001 | B80: Daging sapi segar (has luar/sirloin) | C80: kg
A81: PH.02.002 | B81: Daging sapi segar (has dalam/tenderloin) | C81: kg
A82: PH.02.003 | B82: Daging sapi segar (sandung lamur/brisket) | C82: kg
A83: PH.02.004 | B83: Daging sapi segar (paha) | C83: kg
A84: PH.02.005 | B84: Daging sapi giling | C84: kg
A85: PH.02.006 | B85: Hati sapi | C85: kg
A86: PH.02.007 | B86: Iga sapi | C86: kg
A87: PH.02.008 | B87: Daging kerbau segar | C87: kg
A88: PH.02.009 | B88: Daging kambing segar | C88: kg
A89: PH.02.010 | B89: Daging domba segar | C89: kg
A90: PH.02.011 | B90: Hati kambing | C90: kg
A91: PH.02.012 | B91: Sosis sapi | C91: pak
A92: PH.02.099 | B92: Daging sapi/kerbau/kambing-lainnya | C92: kg
A93: PH.03 | B93: IKAN AIR TAWAR
A94: PH.03.001 | B94: Lele | C94: kg
A95: PH.03.002 | B95: Nila | C95: kg
A96: PH.03.003 | B96: Mujair | C96: kg
A97: PH.03.004 | B97: Patin | C97: kg
A98: PH.03.005 | B98: Gurame | C98: kg
A99: PH.03.006 | B99: Mas | C99: kg
A100: PH.03.007 | B100: Gabus | C100: kg
A101: PH.03.008 | B101: Fillet ikan tawar | C101: kg
A102: PH.03.099 | B102: Ikan air tawar-lainnya | C102: kg
A103: PH.04 | B103: IKAN LAUT
...

Sheet Saldo_Brg
A3: =Ref_Brg!$A$3 -> Input Nama SPPG di sini
A4: SALDO AWAL BARANG PERSEDIAAN
A5: =Ref_Brg!A5 -> Periode : 05-01-2026 s.d. 17-01-2026
A7: Kode Brg | B7: Nama Barang | C7: Satuan | D7: Saldo Awal | E7: Harga Beli Awal | U7: No Max | V7: Dt Harga Beli
A8: =IF(Ref_Brg!A8="","",Ref_Brg!A8) -> KH | B8: =IF(Ref_Brg!B8="","",Ref_Brg!B8) -> KARBOHIDRAT | U8: =IF(B8="","",VLOOKUP(B8,Refresh!$A$7:$B$1000,2,FALSE)) -> #N/A | V8: =IF(U8="","",VLOOKUP(U8,Masuk!$B$9:$I$812,8,FALSE)) -> #N/A | W8: =LEFT(A8,5) -> KH
A9: =IF(Ref_Brg!A9="","",Ref_Brg!A9) -> KH.01 | B9: =IF(Ref_Brg!B9="","",Ref_Brg!B9) -> BERAS DAN OLAHAN PADI | U9: =IF(B9="","",VLOOKUP(B9,Refresh!$A$7:$B$1000,2,FALSE)) -> 1 | V9: =IF(U9="","",VLOOKUP(U9,Masuk!$B$9:$I$408,8,FALSE)) | W9: =LEFT(A9,5) -> KH.01
A10: =IF(Ref_Brg!A10="","",Ref_Brg!A10) -> KH.01.001 | B10: =IF(Ref_Brg!B10="","",Ref_Brg!B10) -> Beras putih (premium) | C10: =IF(Ref_Brg!C10="","",Ref_Brg!C10) -> kg | U10: =IF(B10="","",VLOOKUP(B10,Refresh!$A$7:$B$1000,2,FALSE)) -> 2 | V10: =IF(U10="","",VLOOKUP(U10,Masuk!$B$9:$I$812,8,FALSE)) | W10: =LEFT(A10,5) -> KH.01
A11: =IF(Ref_Brg!A11="","",Ref_Brg!A11) -> KH.01.002 | B11: =IF(Ref_Brg!B11="","",Ref_Brg!B11) -> Beras putih (medium) | C11: =IF(Ref_Brg!C11="","",Ref_Brg!C11) -> kg | U11: =IF(B11="","",VLOOKUP(B11,Refresh!$A$7:$B$1000,2,FALSE)) -> 3 | V11: =IF(U11="","",VLOOKUP(U11,Masuk!$B$9:$I$408,8,FALSE)) | W11: =LEFT(A11,5) -> KH.01
A12: =IF(Ref_Brg!A12="","",Ref_Brg!A12) -> KH.01.003 | B12: =IF(Ref_Brg!B12="","",Ref_Brg!B12) -> Beras merah | C12: =IF(Ref_Brg!C12="","",Ref_Brg!C12) -> kg | U12: =IF(B12="","",VLOOKUP(B12,Refresh!$A$7:$B$1000,2,FALSE)) -> 4 | V12: =IF(U12="","",VLOOKUP(U12,Masuk!$B$9:$I$408,8,FALSE)) | W12: =LEFT(A12,5) -> KH.01
A13: =IF(Ref_Brg!A13="","",Ref_Brg!A13) -> KH.01.004 | B13: =IF(Ref_Brg!B13="","",Ref_Brg!B13) -> Beras hitam | C13: =IF(Ref_Brg!C13="","",Ref_Brg!C13) -> kg | U13: =IF(B13="","",VLOOKUP(B13,Refresh!$A$7:$B$1000,2,FALSE)) -> 5 | V13: =IF(U13="","",VLOOKUP(U13,Masuk!$B$9:$I$408,8,FALSE)) | W13: =LEFT(A13,5) -> KH.01
A14: =IF(Ref_Brg!A14="","",Ref_Brg!A14) -> KH.01.005 | B14: =IF(Ref_Brg!B14="","",Ref_Brg!B14) -> Beras ketan putih | C14: =IF(Ref_Brg!C14="","",Ref_Brg!C14) -> kg | U14: =IF(B14="","",VLOOKUP(B14,Refresh!$A$7:$B$1000,2,FALSE)) -> 6 | V14: =IF(U14="","",VLOOKUP(U14,Masuk!$B$9:$I$408,8,FALSE)) | W14: =LEFT(A14,5) -> KH.01
A15: =IF(Ref_Brg!A15="","",Ref_Brg!A15) -> KH.01.006 | B15: =IF(Ref_Brg!B15="","",Ref_Brg!B15) -> Beras ketan hitam | C15: =IF(Ref_Brg!C15="","",Ref_Brg!C15) -> kg | U15: =IF(B15="","",VLOOKUP(B15,Refresh!$A$7:$B$1000,2,FALSE)) -> 7 | V15: =IF(U15="","",VLOOKUP(U15,Masuk!$B$9:$I$408,8,FALSE)) | W15: =LEFT(A15,5) -> KH.01
A16: =IF(Ref_Brg!A16="","",Ref_Brg!A16) -> KH.01.007 | B16: =IF(Ref_Brg!B16="","",Ref_Brg!B16) -> Tepung beras | C16: =IF(Ref_Brg!C16="","",Ref_Brg!C16) -> kg | U16: =IF(B16="","",VLOOKUP(B16,Refresh!$A$7:$B$1000,2,FALSE)) -> 8 | V16: =IF(U16="","",VLOOKUP(U16,Masuk!$B$9:$I$408,8,FALSE)) | W16: =LEFT(A16,5) -> KH.01
A17: =IF(Ref_Brg!A17="","",Ref_Brg!A17) -> KH.01.008 | B17: =IF(Ref_Brg!B17="","",Ref_Brg!B17) -> Tepung ketan | C17: =IF(Ref_Brg!C17="","",Ref_Brg!C17) -> kg | U17: =IF(B17="","",VLOOKUP(B17,Refresh!$A$7:$B$1000,2,FALSE)) -> 9 | V17: =IF(U17="","",VLOOKUP(U17,Masuk!$B$9:$I$408,8,FALSE)) | W17: =LEFT(A17,5) -> KH.01
A18: =IF(Ref_Brg!A18="","",Ref_Brg!A18) -> KH.01.009 | B18: =IF(Ref_Brg!B18="","",Ref_Brg!B18) -> Mie beras | C18: =IF(Ref_Brg!C18="","",Ref_Brg!C18) -> kg | U18: =IF(B18="","",VLOOKUP(B18,Refresh!$A$7:$B$1000,2,FALSE)) -> 10 | V18: =IF(U18="","",VLOOKUP(U18,Masuk!$B$9:$I$408,8,FALSE)) | W18: =LEFT(A18,5) -> KH.01
A19: =IF(Ref_Brg!A19="","",Ref_Brg!A19) -> KH.01.099 | B19: =IF(Ref_Brg!B19="","",Ref_Brg!B19) -> Beras dan olahan padi-lainnya | C19: =IF(Ref_Brg!C19="","",Ref_Brg!C19) -> kg | U19: =IF(B19="","",VLOOKUP(B19,Refresh!$A$7:$B$1000,2,FALSE)) -> 11 | V19: =IF(U19="","",VLOOKUP(U19,Masuk!$B$9:$I$408,8,FALSE)) | W19: =LEFT(A19,5) -> KH.01
A20: =IF(Ref_Brg!A20="","",Ref_Brg!A20) -> KH.02 | B20: =IF(Ref_Brg!B20="","",Ref_Brg!B20) -> JAGUNG DAN OLAHANNYA | U20: =IF(B20="","",VLOOKUP(B20,Refresh!$A$7:$B$1000,2,FALSE)) -> 12 | V20: =IF(U20="","",VLOOKUP(U20,Masuk!$B$9:$I$408,8,FALSE)) | W20: =LEFT(A20,5) -> KH.02
A21: =IF(Ref_Brg!A21="","",Ref_Brg!A21) -> KH.02.001 | B21: =IF(Ref_Brg!B21="","",Ref_Brg!B21) -> Jagung pipil kering | C21: =IF(Ref_Brg!C21="","",Ref_Brg!C21) -> kg | U21: =IF(B21="","",VLOOKUP(B21,Refresh!$A$7:$B$1000,2,FALSE)) -> 13 | V21: =IF(U21="","",VLOOKUP(U21,Masuk!$B$9:$I$408,8,FALSE)) | W21: =LEFT(A21,5) -> KH.02
A22: =IF(Ref_Brg!A22="","",Ref_Brg!A22) -> KH.02.002 | B22: =IF(Ref_Brg!B22="","",Ref_Brg!B22) -> Jagung pipil segar | C22: =IF(Ref_Brg!C22="","",Ref_Brg!C22) -> kg | U22: =IF(B22="","",VLOOKUP(B22,Refresh!$A$7:$B$1000,2,FALSE)) -> 14 | V22: =IF(U22="","",VLOOKUP(U22,Masuk!$B$9:$I$408,8,FALSE)) | W22: =LEFT(A22,5) -> KH.02
A23: =IF(Ref_Brg!A23="","",Ref_Brg!A23) -> KH.02.003 | B23: =IF(Ref_Brg!B23="","",Ref_Brg!B23) -> Jagung manis segar | C23: =IF(Ref_Brg!C23="","",Ref_Brg!C23) -> kg | U23: =IF(B23="","",VLOOKUP(B23,Refresh!$A$7:$B$1000,2,FALSE)) -> 15 | V23: =IF(U23="","",VLOOKUP(U23,Masuk!$B$9:$I$408,8,FALSE)) | W23: =LEFT(A23,5) -> KH.02
A24: =IF(Ref_Brg!A24="","",Ref_Brg!A24) -> KH.02.004 | B24: =IF(Ref_Brg!B24="","",Ref_Brg!B24) -> Beras jagung | C24: =IF(Ref_Brg!C24="","",Ref_Brg!C24) -> kg | U24: =IF(B24="","",VLOOKUP(B24,Refresh!$A$7:$B$1000,2,FALSE)) -> 16 | V24: =IF(U24="","",VLOOKUP(U24,Masuk!$B$9:$I$408,8,FALSE)) | W24: =LEFT(A24,5) -> KH.02
A25: =IF(Ref_Brg!A25="","",Ref_Brg!A25) -> KH.02.005 | B25: =IF(Ref_Brg!B25="","",Ref_Brg!B25) -> Jagung giling | C25: =IF(Ref_Brg!C25="","",Ref_Brg!C25) -> kg | U25: =IF(B25="","",VLOOKUP(B25,Refresh!$A$7:$B$1000,2,FALSE)) -> 17 | V25: =IF(U25="","",VLOOKUP(U25,Masuk!$B$9:$I$408,8,FALSE)) | W25: =LEFT(A25,5) -> KH.02
A26: =IF(Ref_Brg!A26="","",Ref_Brg!A26) -> KH.02.006 | B26: =IF(Ref_Brg!B26="","",Ref_Brg!B26) -> Tepung jagung (maizena) | C26: =IF(Ref_Brg!C26="","",Ref_Brg!C26) -> kg | U26: =IF(B26="","",VLOOKUP(B26,Refresh!$A$7:$B$1000,2,FALSE)) -> 18 | V26: =IF(U26="","",VLOOKUP(U26,Masuk!$B$9:$I$408,8,FALSE)) | W26: =LEFT(A26,5) -> KH.02
A27: =IF(Ref_Brg!A27="","",Ref_Brg!A27) -> KH.02.007 | B27: =IF(Ref_Brg!B27="","",Ref_Brg!B27) -> Tepung jagung lokal (cornmeal) | C27: =IF(Ref_Brg!C27="","",Ref_Brg!C27) -> kg | U27: =IF(B27="","",VLOOKUP(B27,Refresh!$A$7:$B$1000,2,FALSE)) -> 19 | V27: =IF(U27="","",VLOOKUP(U27,Masuk!$B$9:$I$408,8,FALSE)) | W27: =LEFT(A27,5) -> KH.02
A28: =IF(Ref_Brg!A28="","",Ref_Brg!A28) -> KH.02.099 | B28: =IF(Ref_Brg!B28="","",Ref_Brg!B28) -> Jagung dan olahan-lainnya | C28: =IF(Ref_Brg!C28="","",Ref_Brg!C28) -> kg | U28: =IF(B28="","",VLOOKUP(B28,Refresh!$A$7:$B$1000,2,FALSE)) -> 20 | V28: =IF(U28="","",VLOOKUP(U28,Masuk!$B$9:$I$408,8,FALSE)) | W28: =LEFT(A28,5) -> KH.02
A29: =IF(Ref_Brg!A29="","",Ref_Brg!A29) -> KH.03 | B29: =IF(Ref_Brg!B29="","",Ref_Brg!B29) -> UMBI-UMBIAN | C29: =IF(Ref_Brg!C29="","",Ref_Brg!C29) | U29: =IF(B29="","",VLOOKUP(B29,Refresh!$A$7:$B$1000,2,FALSE)) -> 21 | V29: =IF(U29="","",VLOOKUP(U29,Masuk!$B$9:$I$408,8,FALSE)) | W29: =LEFT(A29,5) -> KH.03
A30: =IF(Ref_Brg!A30="","",Ref_Brg!A30) -> KH.03.001 | B30: =IF(Ref_Brg!B30="","",Ref_Brg!B30) -> Singkong segar | C30: =IF(Ref_Brg!C30="","",Ref_Brg!C30) -> kg | U30: =IF(B30="","",VLOOKUP(B30,Refresh!$A$7:$B$1000,2,FALSE)) -> 22 | V30: =IF(U30="","",VLOOKUP(U30,Masuk!$B$9:$I$812,8,FALSE)) | W30: =LEFT(A30,5) -> KH.03
A31: =IF(Ref_Brg!A31="","",Ref_Brg!A31) -> KH.03.002 | B31: =IF(Ref_Brg!B31="","",Ref_Brg!B31) -> Singkong kering/gaplek | C31: =IF(Ref_Brg!C31="","",Ref_Brg!C31) -> kg | U31: =IF(B31="","",VLOOKUP(B31,Refresh!$A$7:$B$1000,2,FALSE)) -> 23 | V31: =IF(U31="","",VLOOKUP(U31,Masuk!$B$9:$I$408,8,FALSE)) | W31: =LEFT(A31,5) -> KH.03
A32: =IF(Ref_Brg!A32="","",Ref_Brg!A32) -> KH.03.003 | B32: =IF(Ref_Brg!B32="","",Ref_Brg!B32) -> Tepung singkong (tapioka) | C32: =IF(Ref_Brg!C32="","",Ref_Brg!C32) -> kg | U32: =IF(B32="","",VLOOKUP(B32,Refresh!$A$7:$B$1000,2,FALSE)) -> 24 | V32: =IF(U32="","",VLOOKUP(U32,Masuk!$B$9:$I$408,8,FALSE)) | W32: =LEFT(A32,5) -> KH.03
A33: =IF(Ref_Brg!A33="","",Ref_Brg!A33) -> KH.03.004 | B33: =IF(Ref_Brg!B33="","",Ref_Brg!B33) -> Mocaf | C33: =IF(Ref_Brg!C33="","",Ref_Brg!C33) -> kg | U33: =IF(B33="","",VLOOKUP(B33,Refresh!$A$7:$B$1000,2,FALSE)) -> 25 | V33: =IF(U33="","",VLOOKUP(U33,Masuk!$B$9:$I$408,8,FALSE)) | W33: =LEFT(A33,5) -> KH.03
A34: =IF(Ref_Brg!A34="","",Ref_Brg!A34) -> KH.03.005 | B34: =IF(Ref_Brg!B34="","",Ref_Brg!B34) -> Ubi jalar putih | C34: =IF(Ref_Brg!C34="","",Ref_Brg!C34) -> kg | U34: =IF(B34="","",VLOOKUP(B34,Refresh!$A$7:$B$1000,2,FALSE)) -> 26 | V34: =IF(U34="","",VLOOKUP(U34,Masuk!$B$9:$I$408,8,FALSE)) | W34: =LEFT(A34,5) -> KH.03
A35: =IF(Ref_Brg!A35="","",Ref_Brg!A35) -> KH.03.006 | B35: =IF(Ref_Brg!B35="","",Ref_Brg!B35) -> Ubi jalar kuning/oranye | C35: =IF(Ref_Brg!C35="","",Ref_Brg!C35) -> kg | U35: =IF(B35="","",VLOOKUP(B35,Refresh!$A$7:$B$1000,2,FALSE)) -> 27 | V35: =IF(U35="","",VLOOKUP(U35,Masuk!$B$9:$I$408,8,FALSE)) | W35: =LEFT(A35,5) -> KH.03
A36: =IF(Ref_Brg!A36="","",Ref_Brg!A36) -> KH.03.007 | B36: =IF(Ref_Brg!B36="","",Ref_Brg!B36) -> Ubi jalar ungu | C36: =IF(Ref_Brg!C36="","",Ref_Brg!C36) -> kg | U36: =IF(B36="","",VLOOKUP(B36,Refresh!$A$7:$B$1000,2,FALSE)) -> 28 | V36: =IF(U36="","",VLOOKUP(U36,Masuk!$B$9:$I$408,8,FALSE)) | W36: =LEFT(A36,5) -> KH.03
A37: =IF(Ref_Brg!A37="","",Ref_Brg!A37) -> KH.03.008 | B37: =IF(Ref_Brg!B37="","",Ref_Brg!B37) -> Kentang | C37: =IF(Ref_Brg!C37="","",Ref_Brg!C37) -> kg | U37: =IF(B37="","",VLOOKUP(B37,Refresh!$A$7:$B$1000,2,FALSE)) -> 29 | V37: =IF(U37="","",VLOOKUP(U37,Masuk!$B$9:$I$408,8,FALSE)) | W37: =LEFT(A37,5) -> KH.03
A38: =IF(Ref_Brg!A38="","",Ref_Brg!A38) -> KH.03.009 | B38: =IF(Ref_Brg!B38="","",Ref_Brg!B38) -> Talas | C38: =IF(Ref_Brg!C38="","",Ref_Brg!C38) -> kg | U38: =IF(B38="","",VLOOKUP(B38,Refresh!$A$7:$B$1000,2,FALSE)) -> 30 | V38: =IF(U38="","",VLOOKUP(U38,Masuk!$B$9:$I$408,8,FALSE)) | W38: =LEFT(A38,5) -> KH.03
A39: =IF(Ref_Brg!A39="","",Ref_Brg!A39) -> KH.03.010 | B39: =IF(Ref_Brg!B39="","",Ref_Brg!B39) -> Ganyong | C39: =IF(Ref_Brg!C39="","",Ref_Brg!C39) -> kg | U39: =IF(B39="","",VLOOKUP(B39,Refresh!$A$7:$B$1000,2,FALSE)) -> 31 | V39: =IF(U39="","",VLOOKUP(U39,Masuk!$B$9:$I$408,8,FALSE)) | W39: =LEFT(A39,5) -> KH.03
A40: =IF(Ref_Brg!A40="","",Ref_Brg!A40) -> KH.03.011 | B40: =IF(Ref_Brg!B40="","",Ref_Brg!B40) -> Sagu basah | C40: =IF(Ref_Brg!C40="","",Ref_Brg!C40) -> kg | U40: =IF(B40="","",VLOOKUP(B40,Refresh!$A$7:$B$1000,2,FALSE)) -> 32 | V40: =IF(U40="","",VLOOKUP(U40,Masuk!$B$9:$I$408,8,FALSE)) | W40: =LEFT(A40,5) -> KH.03
A41: =IF(Ref_Brg!A41="","",Ref_Brg!A41) -> KH.03.012 | B41: =IF(Ref_Brg!B41="","",Ref_Brg!B41) -> Tepung sagu | C41: =IF(Ref_Brg!C41="","",Ref_Brg!C41) -> kg | U41: =IF(B41="","",VLOOKUP(B41,Refresh!$A$7:$B$1000,2,FALSE)) -> 33 | V41: =IF(U41="","",VLOOKUP(U41,Masuk!$B$9:$I$408,8,FALSE)) | W41: =LEFT(A41,5) -> KH.03
A42: =IF(Ref_Brg!A42="","",Ref_Brg!A42) -> KH.03.099 | B42: =IF(Ref_Brg!B42="","",Ref_Brg!B42) -> Umbi umbian-lainnya | C42: =IF(Ref_Brg!C42="","",Ref_Brg!C42) -> kg | U42: =IF(B42="","",VLOOKUP(B42,Refresh!$A$7:$B$1000,2,FALSE)) -> 34 | V42: =IF(U42="","",VLOOKUP(U42,Masuk!$B$9:$I$408,8,FALSE)) | W42: =LEFT(A42,5) -> KH.03
A43: =IF(Ref_Brg!A43="","",Ref_Brg!A43) -> KH.04 | B43: =IF(Ref_Brg!B43="","",Ref_Brg!B43) -> GANDUM DAN OLAHAN TEPUNG | C43: =IF(Ref_Brg!C43="","",Ref_Brg!C43) | U43: =IF(B43="","",VLOOKUP(B43,Refresh!$A$7:$B$1000,2,FALSE)) -> 35 | V43: =IF(U43="","",VLOOKUP(U43,Masuk!$B$9:$I$408,8,FALSE)) | W43: =LEFT(A43,5) -> KH.04
A44: =IF(Ref_Brg!A44="","",Ref_Brg!A44) -> KH.04.001 | B44: =IF(Ref_Brg!B44="","",Ref_Brg!B44) -> Tepung terigu protein rendah | C44: =IF(Ref_Brg!C44="","",Ref_Brg!C44) -> kg | U44: =IF(B44="","",VLOOKUP(B44,Refresh!$A$7:$B$1000,2,FALSE)) -> 36 | V44: =IF(U44="","",VLOOKUP(U44,Masuk!$B$9:$I$812,8,FALSE)) | W44: =LEFT(A44,5) -> KH.04
A45: =IF(Ref_Brg!A45="","",Ref_Brg!A45) -> KH.04.002 | B45: =IF(Ref_Brg!B45="","",Ref_Brg!B45) -> Tepung terigu protein sedang | C45: =IF(Ref_Brg!C45="","",Ref_Brg!C45) -> kg | U45: =IF(B45="","",VLOOKUP(B45,Refresh!$A$7:$B$1000,2,FALSE)) -> 37 | V45: =IF(U45="","",VLOOKUP(U45,Masuk!$B$9:$I$408,8,FALSE)) | W45: =LEFT(A45,5) -> KH.04
A46: =IF(Ref_Brg!A46="","",Ref_Brg!A46) -> KH.04.003 | B46: =IF(Ref_Brg!B46="","",Ref_Brg!B46) -> Tepung terigu protein tinggi | C46: =IF(Ref_Brg!C46="","",Ref_Brg!C46) -> kg | U46: =IF(B46="","",VLOOKUP(B46,Refresh!$A$7:$B$1000,2,FALSE)) -> 38 | V46: =IF(U46="","",VLOOKUP(U46,Masuk!$B$9:$I$408,8,FALSE)) | W46: =LEFT(A46,5) -> KH.04
A47: =IF(Ref_Brg!A47="","",Ref_Brg!A47) -> KH.04.004 | B47: =IF(Ref_Brg!B47="","",Ref_Brg!B47) -> Tepung semolina | C47: =IF(Ref_Brg!C47="","",Ref_Brg!C47) -> kg | U47: =IF(B47="","",VLOOKUP(B47,Refresh!$A$7:$B$1000,2,FALSE)) -> 39 | V47: =IF(U47="","",VLOOKUP(U47,Masuk!$B$9:$I$408,8,FALSE)) | W47: =LEFT(A47,5) -> KH.04
A48: =IF(Ref_Brg!A48="","",Ref_Brg!A48) -> KH.04.005 | B48: =IF(Ref_Brg!B48="","",Ref_Brg!B48) -> Mie kering (non-instan) | C48: =IF(Ref_Brg!C48="","",Ref_Brg!C48) -> pak | U48: =IF(B48="","",VLOOKUP(B48,Refresh!$A$7:$B$1000,2,FALSE)) -> 40 | V48: =IF(U48="","",VLOOKUP(U48,Masuk!$B$9:$I$408,8,FALSE)) | W48: =LEFT(A48,5) -> KH.04
A49: =IF(Ref_Brg!A49="","",Ref_Brg!A49) -> KH.04.006 | B49: =IF(Ref_Brg!B49="","",Ref_Brg!B49) -> Spageti | C49: =IF(Ref_Brg!C49="","",Ref_Brg!C49) -> pak | U49: =IF(B49="","",VLOOKUP(B49,Refresh!$A$7:$B$1000,2,FALSE)) -> 41 | V49: =IF(U49="","",VLOOKUP(U49,Masuk!$B$9:$I$408,8,FALSE)) | W49: =LEFT(A49,5) -> KH.04
A50: =IF(Ref_Brg!A50="","",Ref_Brg!A50) -> KH.04.007 | B50: =IF(Ref_Brg!B50="","",Ref_Brg!B50) -> Makaroni | C50: =IF(Ref_Brg!C50="","",Ref_Brg!C50) -> pak | U50: =IF(B50="","",VLOOKUP(B50,Refresh!$A$7:$B$1000,2,FALSE)) -> 42 | V50: =IF(U50="","",VLOOKUP(U50,Masuk!$B$9:$I$408,8,FALSE)) | W50: =LEFT(A50,5) -> KH.04
A51: =IF(Ref_Brg!A51="","",Ref_Brg!A51) -> KH.04.008 | B51: =IF(Ref_Brg!B51="","",Ref_Brg!B51) -> Roti tawar | C51: =IF(Ref_Brg!C51="","",Ref_Brg!C51) -> pak | U51: =IF(B51="","",VLOOKUP(B51,Refresh!$A$7:$B$1000,2,FALSE)) -> 43 | V51: =IF(U51="","",VLOOKUP(U51,Masuk!$B$9:$I$408,8,FALSE)) | W51: =LEFT(A51,5) -> KH.04
A52: =IF(Ref_Brg!A52="","",Ref_Brg!A52) -> KH.04.009 | B52: =IF(Ref_Brg!B52="","",Ref_Brg!B52) -> Roti gandum | C52: =IF(Ref_Brg!C52="","",Ref_Brg!C52) -> pak | U52: =IF(B52="","",VLOOKUP(B52,Refresh!$A$7:$B$1000,2,FALSE)) -> 44 | V52: =IF(U52="","",VLOOKUP(U52,Masuk!$B$9:$I$408,8,FALSE)) | W52: =LEFT(A52,5) -> KH.04
A53: =IF(Ref_Brg!A53="","",Ref_Brg!A53) -> KH.04.010 | B53: =IF(Ref_Brg!B53="","",Ref_Brg!B53) -> Tepung panir | C53: =IF(Ref_Brg!C53="","",Ref_Brg!C53) -> pak | U53: =IF(B53="","",VLOOKUP(B53,Refresh!$A$7:$B$1000,2,FALSE)) -> 45 | V53: =IF(U53="","",VLOOKUP(U53,Masuk!$B$9:$I$408,8,FALSE)) | W53: =LEFT(A53,5) -> KH.04
A54: =IF(Ref_Brg!A54="","",Ref_Brg!A54) -> KH.04.011 | B54: =IF(Ref_Brg!B54="","",Ref_Brg!B54) -> Biskuit | C54: =IF(Ref_Brg!C54="","",Ref_Brg!C54) -> pak | U54: =IF(B54="","",VLOOKUP(B54,Refresh!$A$7:$B$1000,2,FALSE)) -> 46 | V54: =IF(U54="","",VLOOKUP(U54,Masuk!$B$9:$I$408,8,FALSE)) | W54: =LEFT(A54,5) -> KH.04
A55: =IF(Ref_Brg!A55="","",Ref_Brg!A55) -> KH.04.012 | B55: =IF(Ref_Brg!B55="","",Ref_Brg!B55) -> Bubur bayi | C55: =IF(Ref_Brg!C55="","",Ref_Brg!C55) -> pak | U55: =IF(B55="","",VLOOKUP(B55,Refresh!$A$7:$B$1000,2,FALSE)) -> 47 | V55: =IF(U55="","",VLOOKUP(U55,Masuk!$B$9:$I$408,8,FALSE)) | W55: =LEFT(A55,5) -> KH.04
A56: =IF(Ref_Brg!A56="","",Ref_Brg!A56) -> KH.04.099 | B56: =IF(Ref_Brg!B56="","",Ref_Brg!B56) -> Gandum dan olahan tepung-lainnya | C56: =IF(Ref_Brg!C56="","",Ref_Brg!C56) -> pak | U56: =IF(B56="","",VLOOKUP(B56,Refresh!$A$7:$B$1000,2,FALSE)) -> 48 | V56: =IF(U56="","",VLOOKUP(U56,Masuk!$B$9:$I$408,8,FALSE)) | W56: =LEFT(A56,5) -> KH.04
... A66: =IF(Ref_Brg!A66="","",Ref_Brg!A66) -> PH.01 | B66: =IF(Ref_Brg!B66="","",Ref_Brg!B66) -> UNGGAS DAN OLAHANNYA | C66: =IF(Ref_Brg!C66="","",Ref_Brg!C66) | U66: =IF(B66="","",VLOOKUP(B66,Refresh!$A$7:$B$1000,2,FALSE)) -> 58 | V66: =IF(U66="","",VLOOKUP(U66,Masuk!$B$9:$I$408,8,FALSE)) | W66: =LEFT(A66,5) -> PH.01
A67: =IF(Ref_Brg!A67="","",Ref_Brg!A67) -> PH.01.001 | B67: =IF(Ref_Brg!B67="","",Ref_Brg!B67) -> Ayam broiler utuh | C67: =IF(Ref_Brg!C67="","",Ref_Brg!C67) -> kg | U67: =IF(B67="","",VLOOKUP(B67,Refresh!$A$7:$B$1000,2,FALSE)) -> 59 | V67: =IF(U67="","",VLOOKUP(U67,Masuk!$B$9:$I$812,8,FALSE)) | W67: =LEFT(A67,5) -> PH.01
A68: =IF(Ref_Brg!A68="","",Ref_Brg!A68) -> PH.01.002 | B68: =IF(Ref_Brg!B68="","",Ref_Brg!B68) -> Fillet dada ayam | C68: =IF(Ref_Brg!C68="","",Ref_Brg!C68) -> kg | U68: =IF(B68="","",VLOOKUP(B68,Refresh!$A$7:$B$1000,2,FALSE)) -> 60 | V68: =IF(U68="","",VLOOKUP(U68,Masuk!$B$9:$I$408,8,FALSE)) | W68: =LEFT(A68,5) -> PH.01
A69: =IF(Ref_Brg!A69="","",Ref_Brg!A69) -> PH.01.003 | B69: =IF(Ref_Brg!B69="","",Ref_Brg!B69) -> Paha ayam atas | C69: =IF(Ref_Brg!C69="","",Ref_Brg!C69) -> kg | U69: =IF(B69="","",VLOOKUP(B69,Refresh!$A$7:$B$1000,2,FALSE)) -> 61 | V69: =IF(U69="","",VLOOKUP(U69,Masuk!$B$9:$I$408,8,FALSE)) | W69: =LEFT(A69,5) -> PH.01
A70: =IF(Ref_Brg!A70="","",Ref_Brg!A70) -> PH.01.004 | B70: =IF(Ref_Brg!B70="","",Ref_Brg!B70) -> Paha ayam bawah (drumstick) | C70: =IF(Ref_Brg!C70="","",Ref_Brg!C70) -> kg | U70: =IF(B70="","",VLOOKUP(B70,Refresh!$A$7:$B$1000,2,FALSE)) -> 62 | V70: =IF(U70="","",VLOOKUP(U70,Masuk!$B$9:$I$408,8,FALSE)) | W70: =LEFT(A70,5) -> PH.01
A71: =IF(Ref_Brg!A71="","",Ref_Brg!A71) -> PH.01.005 | B71: =IF(Ref_Brg!B71="","",Ref_Brg!B71) -> Sayap ayam | C71: =IF(Ref_Brg!C71="","",Ref_Brg!C71) -> kg | U71: =IF(B71="","",VLOOKUP(B71,Refresh!$A$7:$B$1000,2,FALSE)) -> 63 | V71: =IF(U71="","",VLOOKUP(U71,Masuk!$B$9:$I$408,8,FALSE)) | W71: =LEFT(A71,5) -> PH.01
A72: =IF(Ref_Brg!A72="","",Ref_Brg!A72) -> PH.01.006 | B72: =IF(Ref_Brg!B72="","",Ref_Brg!B72) -> Hati ayam | C72: =IF(Ref_Brg!C72="","",Ref_Brg!C72) -> kg | U72: =IF(B72="","",VLOOKUP(B72,Refresh!$A$7:$B$1000,2,FALSE)) -> 64 | V72: =IF(U72="","",VLOOKUP(U72,Masuk!$B$9:$I$408,8,FALSE)) | W72: =LEFT(A72,5) -> PH.01
A73: =IF(Ref_Brg!A73="","",Ref_Brg!A73) -> PH.01.007 | B73: =IF(Ref_Brg!B73="","",Ref_Brg!B73) -> Ampela ayam | C73: =IF(Ref_Brg!C73="","",Ref_Brg!C73) -> kg | U73: =IF(B73="","",VLOOKUP(B73,Refresh!$A$7:$B$1000,2,FALSE)) -> 65 | V73: =IF(U73="","",VLOOKUP(U73,Masuk!$B$9:$I$408,8,FALSE)) | W73: =LEFT(A73,5) -> PH.01
A74: =IF(Ref_Brg!A74="","",Ref_Brg!A74) -> PH.01.008 | B74: =IF(Ref_Brg!B74="","",Ref_Brg!B74) -> Telur ayam ras/negeri | C74: =IF(Ref_Brg!C74="","",Ref_Brg!C74) -> kg | U74: =IF(B74="","",VLOOKUP(B74,Refresh!$A$7:$B$1000,2,FALSE)) -> 66 | V74: =IF(U74="","",VLOOKUP(U74,Masuk!$B$9:$I$812,8,FALSE)) | W74: =LEFT(A74,5) -> PH.01
A75: =IF(Ref_Brg!A75="","",Ref_Brg!A75) -> PH.01.009 | B75: =IF(Ref_Brg!B75="","",Ref_Brg!B75) -> Telur ayam kampung | C75: =IF(Ref_Brg!C75="","",Ref_Brg!C75) -> kg | U75: =IF(B75="","",VLOOKUP(B75,Refresh!$A$7:$B$1000,2,FALSE)) -> 67 | V75: =IF(U75="","",VLOOKUP(U75,Masuk!$B$9:$I$408,8,FALSE)) | W75: =LEFT(A75,5) -> PH.01
A76: =IF(Ref_Brg!A76="","",Ref_Brg!A76) -> PH.01.010 | B76: =IF(Ref_Brg!B76="","",Ref_Brg!B76) -> Telur puyuh | C76: =IF(Ref_Brg!C76="","",Ref_Brg!C76) -> kg | U76: =IF(B76="","",VLOOKUP(B76,Refresh!$A$7:$B$1000,2,FALSE)) -> 68 | V76: =IF(U76="","",VLOOKUP(U76,Masuk!$B$9:$I$408,8,FALSE)) | W76: =LEFT(A76,5) -> PH.01
A77: =IF(Ref_Brg!A77="","",Ref_Brg!A77) -> PH.01.011 | B77: =IF(Ref_Brg!B77="","",Ref_Brg!B77) -> Sosis ayam | C77: =IF(Ref_Brg!C77="","",Ref_Brg!C77) -> pak | U77: =IF(B77="","",VLOOKUP(B77,Refresh!$A$7:$B$1000,2,FALSE)) -> 69 | V77: =IF(U77="","",VLOOKUP(U77,Masuk!$B$9:$I$408,8,FALSE)) | W77: =LEFT(A77,5) -> PH.01
A78: =IF(Ref_Brg!A78="","",Ref_Brg!A78) -> PH.01.099 | B78: =IF(Ref_Brg!B78="","",Ref_Brg!B78) -> Ayam dan olahannya-lainnya | C78: =IF(Ref_Brg!C78="","",Ref_Brg!C78) -> kg | U78: =IF(B78="","",VLOOKUP(B78,Refresh!$A$7:$B$1000,2,FALSE)) -> 70 | V78: =IF(U78="","",VLOOKUP(U78,Masuk!$B$9:$I$408,8,FALSE)) | W78: =LEFT(A78,5) -> PH.01
A79: =IF(Ref_Brg!A79="","",Ref_Brg!A79) -> PH.02 | B79: =IF(Ref_Brg!B79="","",Ref_Brg!B79) -> DAGING SAPI/KERBAU/KAMBING | C79: =IF(Ref_Brg!C79="","",Ref_Brg!C79) | U79: =IF(B79="","",VLOOKUP(B79,Refresh!$A$7:$B$1000,2,FALSE)) -> 71 | V79: =IF(U79="","",VLOOKUP(U79,Masuk!$B$9:$I$408,8,FALSE)) | W79: =LEFT(A79,5) -> PH.02
A80: =IF(Ref_Brg!A80="","",Ref_Brg!A80) -> PH.02.001 | B80: =IF(Ref_Brg!B80="","",Ref_Brg!B80) -> Daging sapi segar (has luar/sirloin) | C80: =IF(Ref_Brg!C80="","",Ref_Brg!C80) -> kg | U80: =IF(B80="","",VLOOKUP(B80,Refresh!$A$7:$B$1000,2,FALSE)) -> 72 | V80: =IF(U80="","",VLOOKUP(U80,Masuk!$B$9:$I$812,8,FALSE)) | W80: =LEFT(A80,5) -> PH.02
A81: =IF(Ref_Brg!A81="","",Ref_Brg!A81) -> PH.02.002 | B81: =IF(Ref_Brg!B81="","",Ref_Brg!B81) -> Daging sapi segar (has dalam/tenderloin) | C81: =IF(Ref_Brg!C81="","",Ref_Brg!C81) -> kg | U81: =IF(B81="","",VLOOKUP(B81,Refresh!$A$7:$B$1000,2,FALSE)) -> 73 | V81: =IF(U81="","",VLOOKUP(U81,Masuk!$B$9:$I$408,8,FALSE)) | W81: =LEFT(A81,5) -> PH.02
A82: =IF(Ref_Brg!A82="","",Ref_Brg!A82) -> PH.02.003 | B82: =IF(Ref_Brg!B82="","",Ref_Brg!B82) -> Daging sapi segar (sandung lamur/brisket) | C82: =IF(Ref_Brg!C82="","",Ref_Brg!C82) -> kg | U82: =IF(B82="","",VLOOKUP(B82,Refresh!$A$7:$B$1000,2,FALSE)) -> 74 | V82: =IF(U82="","",VLOOKUP(U82,Masuk!$B$9:$I$408,8,FALSE)) | W82: =LEFT(A82,5) -> PH.02
A83: =IF(Ref_Brg!A83="","",Ref_Brg!A83) -> PH.02.004 | B83: =IF(Ref_Brg!B83="","",Ref_Brg!B83) -> Daging sapi segar (paha) | C83: =IF(Ref_Brg!C83="","",Ref_Brg!C83) -> kg | U83: =IF(B83="","",VLOOKUP(B83,Refresh!$A$7:$B$1000,2,FALSE)) -> 75 | V83: =IF(U83="","",VLOOKUP(U83,Masuk!$B$9:$I$408,8,FALSE)) | W83: =LEFT(A83,5) -> PH.02
A84: =IF(Ref_Brg!A84="","",Ref_Brg!A84) -> PH.02.005 | B84: =IF(Ref_Brg!B84="","",Ref_Brg!B84) -> Daging sapi giling | C84: =IF(Ref_Brg!C84="","",Ref_Brg!C84) -> kg | U84: =IF(B84="","",VLOOKUP(B84,Refresh!$A$7:$B$1000,2,FALSE)) -> 76 | V84: =IF(U84="","",VLOOKUP(U84,Masuk!$B$9:$I$408,8,FALSE)) | W84: =LEFT(A84,5) -> PH.02
A85: =IF(Ref_Brg!A85="","",Ref_Brg!A85) -> PH.02.006 | B85: =IF(Ref_Brg!B85="","",Ref_Brg!B85) -> Hati sapi | C85: =IF(Ref_Brg!C85="","",Ref_Brg!C85) -> kg | U85: =IF(B85="","",VLOOKUP(B85,Refresh!$A$7:$B$1000,2,FALSE)) -> 77 | V85: =IF(U85="","",VLOOKUP(U85,Masuk!$B$9:$I$408,8,FALSE)) | W85: =LEFT(A85,5) -> PH.02
A86: =IF(Ref_Brg!A86="","",Ref_Brg!A86) -> PH.02.007 | B86: =IF(Ref_Brg!B86="","",Ref_Brg!B86) -> Iga sapi | C86: =IF(Ref_Brg!C86="","",Ref_Brg!C86) -> kg | U86: =IF(B86="","",VLOOKUP(B86,Refresh!$A$7:$B$1000,2,FALSE)) -> 78 | V86: =IF(U86="","",VLOOKUP(U86,Masuk!$B$9:$I$408,8,FALSE)) | W86: =LEFT(A86,5) -> PH.02
A87: =IF(Ref_Brg!A87="","",Ref_Brg!A87) -> PH.02.008 | B87: =IF(Ref_Brg!B87="","",Ref_Brg!B87) -> Daging kerbau segar | C87: =IF(Ref_Brg!C87="","",Ref_Brg!C87) -> kg | U87: =IF(B87="","",VLOOKUP(B87,Refresh!$A$7:$B$1000,2,FALSE)) -> 79 | V87: =IF(U87="","",VLOOKUP(U87,Masuk!$B$9:$I$408,8,FALSE)) | W87: =LEFT(A87,5) -> PH.02
A88: =IF(Ref_Brg!A88="","",Ref_Brg!A88) -> PH.02.009 | B88: =IF(Ref_Brg!B88="","",Ref_Brg!B88) -> Daging kambing segar | C88: =IF(Ref_Brg!C88="","",Ref_Brg!C88) -> kg | U88: =IF(B88="","",VLOOKUP(B88,Refresh!$A$7:$B$1000,2,FALSE)) -> 80 | V88: =IF(U88="","",VLOOKUP(U88,Masuk!$B$9:$I$408,8,FALSE)) | W88: =LEFT(A88,5) -> PH.02
A89: =IF(Ref_Brg!A89="","",Ref_Brg!A89) -> PH.02.010 | B89: =IF(Ref_Brg!B89="","",Ref_Brg!B89) -> Daging domba segar | C89: =IF(Ref_Brg!C89="","",Ref_Brg!C89) -> kg | U89: =IF(B89="","",VLOOKUP(B89,Refresh!$A$7:$B$1000,2,FALSE)) -> 81 | V89: =IF(U89="","",VLOOKUP(U89,Masuk!$B$9:$I$408,8,FALSE)) | W89: =LEFT(A89,5) -> PH.02
A90: =IF(Ref_Brg!A90="","",Ref_Brg!A90) -> PH.02.011 | B90: =IF(Ref_Brg!B90="","",Ref_Brg!B90) -> Hati kambing | C90: =IF(Ref_Brg!C90="","",Ref_Brg!C90) -> kg | U90: =IF(B90="","",VLOOKUP(B90,Refresh!$A$7:$B$1000,2,FALSE)) -> 82 | V90: =IF(U90="","",VLOOKUP(U90,Masuk!$B$9:$I$408,8,FALSE)) | W90: =LEFT(A90,5) -> PH.02
A91: =IF(Ref_Brg!A91="","",Ref_Brg!A91) -> PH.02.012 | B91: =IF(Ref_Brg!B91="","",Ref_Brg!B91) -> Sosis sapi | C91: =IF(Ref_Brg!C91="","",Ref_Brg!C91) -> pak | U91: =IF(B91="","",VLOOKUP(B91,Refresh!$A$7:$B$1000,2,FALSE)) -> 83 | V91: =IF(U91="","",VLOOKUP(U91,Masuk!$B$9:$I$408,8,FALSE)) | W91: =LEFT(A91,5) -> PH.02
A92: =IF(Ref_Brg!A92="","",Ref_Brg!A92) -> PH.02.099 | B92: =IF(Ref_Brg!B92="","",Ref_Brg!B92) -> Daging sapi/kerbau/kambing-lainnya | C92: =IF(Ref_Brg!C92="","",Ref_Brg!C92) -> kg | U92: =IF(B92="","",VLOOKUP(B92,Refresh!$A$7:$B$1000,2,FALSE)) -> 84 | V92: =IF(U92="","",VLOOKUP(U92,Masuk!$B$9:$I$408,8,FALSE)) | W92: =LEFT(A92,5) -> PH.02
... A126: =IF(Ref_Brg!A126="","",Ref_Brg!A126) -> PH.06.003 | B126: =IF(Ref_Brg!B126="","",Ref_Brg!B126) -> Susu pasteurisasi | C126: =IF(Ref_Brg!C126="","",Ref_Brg!C126) -> liter | U126: =IF(B126="","",VLOOKUP(B126,Refresh!$A$7:$B$1000,2,FALSE)) -> 118 | V126: =IF(U126="","",VLOOKUP(U126,Masuk!$B$9:$I$408,8,FALSE)) | W126: =LEFT(A126,5) -> PH.06
A127: =IF(Ref_Brg!A127="","",Ref_Brg!A127) -> PH.06.004 | B127: =IF(Ref_Brg!B127="","",Ref_Brg!B127) -> Susu bubuk | C127: =IF(Ref_Brg!C127="","",Ref_Brg!C127) -> kg | U127: =IF(B127="","",VLOOKUP(B127,Refresh!$A$7:$B$1000,2,FALSE)) -> 119 | V127: =IF(U127="","",VLOOKUP(U127,Masuk!$B$9:$I$812,8,FALSE)) | W127: =LEFT(A127,5) -> PH.06
A128: =IF(Ref_Brg!A128="","",Ref_Brg!A128) -> PH.06.005 | B128: =IF(Ref_Brg!B128="","",Ref_Brg!B128) -> Yogurt plain | C128: =IF(Ref_Brg!C128="","",Ref_Brg!C128) -> pak | U128: =IF(B128="","",VLOOKUP(B128,Refresh!$A$7:$B$1000,2,FALSE)) -> 120 | V128: =IF(U128="","",VLOOKUP(U128,Masuk!$B$9:$I$408,8,FALSE)) | W128: =LEFT(A128,5) -> PH.06
A129: =IF(Ref_Brg!A129="","",Ref_Brg!A129) -> PH.06.006 | B129: =IF(Ref_Brg!B129="","",Ref_Brg!B129) -> Keju cheddar | C129: =IF(Ref_Brg!C129="","",Ref_Brg!C129) -> pak | U129: =IF(B129="","",VLOOKUP(B129,Refresh!$A$7:$B$1000,2,FALSE)) -> 121 | V129: =IF(U129="","",VLOOKUP(U129,Masuk!$B$9:$I$408,8,FALSE)) | W129: =LEFT(A129,5) -> PH.06
A130: =IF(Ref_Brg!A130="","",Ref_Brg!A130) -> PH.06.007 | B130: =IF(Ref_Brg!B130="","",Ref_Brg!B130) -> Keju olahan (slice) | C130: =IF(Ref_Brg!C130="","",Ref_Brg!C130) -> pak | U130: =IF(B130="","",VLOOKUP(B130,Refresh!$A$7:$B$1000,2,FALSE)) -> 122 | V130: =IF(U130="","",VLOOKUP(U130,Masuk!$B$9:$I$408,8,FALSE)) | W130: =LEFT(A130,5) -> PH.06
A131: =IF(Ref_Brg!A131="","",Ref_Brg!A131) -> PH.06.099 | B131: =IF(Ref_Brg!B131="","",Ref_Brg!B131) -> Susu dan olahan-lainnya | C131: =IF(Ref_Brg!C131="","",Ref_Brg!C131) -> liter | U131: =IF(B131="","",VLOOKUP(B131,Refresh!$A$7:$B$1000,2,FALSE)) -> 123 | V131: =IF(U131="","",VLOOKUP(U131,Masuk!$B$9:$I$408,8,FALSE)) | W131: =LEFT(A131,5) -> PH.06
A132: =IF(Ref_Brg!A132="","",Ref_Brg!A132) -> PN | B132: =IF(Ref_Brg!B132="","",Ref_Brg!B132) -> PROTEIN NABATI | C132: =IF(Ref_Brg!C132="","",Ref_Brg!C132) | U132: =IF(B132="","",VLOOKUP(B132,Refresh!$A$7:$B$1000,2,FALSE)) -> 124 | V132: =IF(U132="","",VLOOKUP(U132,Masuk!$B$9:$I$408,8,FALSE)) | W132: =LEFT(A132,5) -> PN
A133: =IF(Ref_Brg!A133="","",Ref_Brg!A133) -> PN.01 | B133: =IF(Ref_Brg!B133="","",Ref_Brg!B133) -> KEDELAI DAN OLAHANNYA | C133: =IF(Ref_Brg!C133="","",Ref_Brg!C133) | U133: =IF(B133="","",VLOOKUP(B133,Refresh!$A$7:$B$1000,2,FALSE)) -> 125 | V133: =IF(U133="","",VLOOKUP(U133,Masuk!$B$9:$I$408,8,FALSE)) | W133: =LEFT(A133,5) -> PN.01
A134: =IF(Ref_Brg!A134="","",Ref_Brg!A134) -> PN.01.001 | B134: =IF(Ref_Brg!B134="","",Ref_Brg!B134) -> Kedelai biji kering | C134: =IF(Ref_Brg!C134="","",Ref_Brg!C134) -> kg | U134: =IF(B134="","",VLOOKUP(B134,Refresh!$A$7:$B$1000,2,FALSE)) -> 126 | V134: =IF(U134="","",VLOOKUP(U134,Masuk!$B$9:$I$408,8,FALSE)) | W134: =LEFT(A134,5) -> PN.01
A135: =IF(Ref_Brg!A135="","",Ref_Brg!A135) -> PN.01.002 | B135: =IF(Ref_Brg!B135="","",Ref_Brg!B135) -> Tempe | C135: =IF(Ref_Brg!C135="","",Ref_Brg!C135) -> kg | U135: =IF(B135="","",VLOOKUP(B135,Refresh!$A$7:$B$1000,2,FALSE)) -> 127 | V135: =IF(U135="","",VLOOKUP(U135,Masuk!$B$9:$I$408,8,FALSE)) | W135: =LEFT(A135,5) -> PN.01
A136: =IF(Ref_Brg!A136="","",Ref_Brg!A136) -> PN.01.003 | B136: =IF(Ref_Brg!B136="","",Ref_Brg!B136) -> Tahu putih | C136: =IF(Ref_Brg!C136="","",Ref_Brg!C136) -> kg | U136: =IF(B136="","",VLOOKUP(B136,Refresh!$A$7:$B$1000,2,FALSE)) -> 128 | V136: =IF(U136="","",VLOOKUP(U136,Masuk!$B$9:$I$408,8,FALSE)) | W136: =LEFT(A136,5) -> PN.01
A137: =IF(Ref_Brg!A137="","",Ref_Brg!A137) -> PN.01.004 | B137: =IF(Ref_Brg!B137="","",Ref_Brg!B137) -> Tahu kuning | C137: =IF(Ref_Brg!C137="","",Ref_Brg!C137) -> kg | U137: =IF(B137="","",VLOOKUP(B137,Refresh!$A$7:$B$1000,2,FALSE)) -> 129 | V137: =IF(U137="","",VLOOKUP(U137,Masuk!$B$9:$I$408,8,FALSE)) | W137: =LEFT(A137,5) -> PN.01
A138: =IF(Ref_Brg!A138="","",Ref_Brg!A138) -> PN.01.005 | B138: =IF(Ref_Brg!B138="","",Ref_Brg!B138) -> Tahu sutra | C138: =IF(Ref_Brg!C138="","",Ref_Brg!C138) -> kg | U138: =IF(B138="","",VLOOKUP(B138,Refresh!$A$7:$B$1000,2,FALSE)) -> 130 | V138: =IF(U138="","",VLOOKUP(U138,Masuk!$B$9:$I$408,8,FALSE)) | W138: =LEFT(A138,5) -> PN.01
A139: =IF(Ref_Brg!A139="","",Ref_Brg!A139) -> PN.01.006 | B139: =IF(Ref_Brg!B139="","",Ref_Brg!B139) -> Susu kedelai | C139: =IF(Ref_Brg!C139="","",Ref_Brg!C139) -> liter | U139: =IF(B139="","",VLOOKUP(B139,Refresh!$A$7:$B$1000,2,FALSE)) -> 131 | V139: =IF(U139="","",VLOOKUP(U139,Masuk!$B$9:$I$408,8,FALSE)) | W139: =LEFT(A139,5) -> PN.01
... A161: =IF(Ref_Brg!A161="","",Ref_Brg!A161) -> SY.01 | B161: =IF(Ref_Brg!B161="","",Ref_Brg!B161) -> SAYURAN DAUN/BATANG/BUNGA | C161: =IF(Ref_Brg!C161="","",Ref_Brg!C161) | U161: =IF(B161="","",VLOOKUP(B161,Refresh!$A$7:$B$1000,2,FALSE)) -> 153 | V161: =IF(U161="","",VLOOKUP(U161,Masuk!$B$9:$I$408,8,FALSE)) | W161: =LEFT(A161,5) -> SY.01
A162: =IF(Ref_Brg!A162="","",Ref_Brg!A162) -> SY.01.001 | B162: =IF(Ref_Brg!B162="","",Ref_Brg!B162) -> Bayam | C162: =IF(Ref_Brg!C162="","",Ref_Brg!C162) -> ikat | U162: =IF(B162="","",VLOOKUP(B162,Refresh!$A$7:$B$1000,2,FALSE)) -> 154 | V162: =IF(U162="","",VLOOKUP(U162,Masuk!$B$9:$I$812,8,FALSE)) | W162: =LEFT(A162,5) -> SY.01
A163: =IF(Ref_Brg!A163="","",Ref_Brg!A163) -> SY.01.002 | B163: =IF(Ref_Brg!B163="","",Ref_Brg!B163) -> Kangkung | C163: =IF(Ref_Brg!C163="","",Ref_Brg!C163) -> ikat | U163: =IF(B163="","",VLOOKUP(B163,Refresh!$A$7:$B$1000,2,FALSE)) -> 155 | V163: =IF(U163="","",VLOOKUP(U163,Masuk!$B$9:$I$408,8,FALSE)) | W163: =LEFT(A163,5) -> SY.01
A164: =IF(Ref_Brg!A164="","",Ref_Brg!A164) -> SY.01.003 | B164: =IF(Ref_Brg!B164="","",Ref_Brg!B164) -> Sawi hijau | C164: =IF(Ref_Brg!C164="","",Ref_Brg!C164) -> ikat | U164: =IF(B164="","",VLOOKUP(B164,Refresh!$A$7:$B$1000,2,FALSE)) -> 156 | V164: =IF(U164="","",VLOOKUP(U164,Masuk!$B$9:$I$408,8,FALSE)) | W164: =LEFT(A164,5) -> SY.01
A165: =IF(Ref_Brg!A165="","",Ref_Brg!A165) -> SY.01.004 | B165: =IF(Ref_Brg!B165="","",Ref_Brg!B165) -> Sawi putih | C165: =IF(Ref_Brg!C165="","",Ref_Brg!C165) -> ikat | U165: =IF(B165="","",VLOOKUP(B165,Refresh!$A$7:$B$1000,2,FALSE)) -> 157 | V165: =IF(U165="","",VLOOKUP(U165,Masuk!$B$9:$I$408,8,FALSE)) | W165: =LEFT(A165,5) -> SY.01
A166: =IF(Ref_Brg!A166="","",Ref_Brg!A166) -> SY.01.005 | B166: =IF(Ref_Brg!B166="","",Ref_Brg!B166) -> Pakcoy | C166: =IF(Ref_Brg!C166="","",Ref_Brg!C166) -> ikat | U166: =IF(B166="","",VLOOKUP(B166,Refresh!$A$7:$B$1000,2,FALSE)) -> 158 | V166: =IF(U166="","",VLOOKUP(U166,Masuk!$B$9:$I$408,8,FALSE)) | W166: =LEFT(A166,5) -> SY.01
...

Sheet Masuk
A3: =Saldo_Brg!A3 -> Input Nama SPPG di sini | L3: JANGAN LUPA....!!!!
A4: PEMBELIAN/PENERIMAAN BARANG | L4: Setelah Input data PEMBELIAN/PENERIMAAN,
A5: =Saldo_Brg!A5 -> Periode : 05-01-2026 s.d. 17-01-2026 | L5: langsung ke menu REFRESH, dengan klik
G6: Total Belanja | I6: =SUM(J312:J511) -> 0 | L6: tombol REFRESH.
A8: No | B8: Row | C8: Tanggal | D8: Nama Supplier | E8: Nama Barang | F8: Column1 | G8: Satuan | H8: Vol | I8: Harga Beli | J8: Jumlah Harga
A9: 1 | B9: 1 | D9: Saldo Awal | E9: =IF(Saldo_Brg!B9="","",Saldo_Brg!B9) -> BERAS DAN OLAHAN PADI | G9: =IF(Saldo_Brg!C9="","",Saldo_Brg!C9) | H9: =IF(Saldo_Brg!D9="","",Saldo_Brg!D9) | I9: =IF(Saldo_Brg!E9="","",Saldo_Brg!E9)
A10: 2 | B10: 2 | D10: Saldo Awal | E10: =IF(Saldo_Brg!B10="","",Saldo_Brg!B10) -> Beras putih (premium) | G10: =IF(Saldo_Brg!C10="","",Saldo_Brg!C10) -> kg | H10: =IF(Saldo_Brg!D10="","",Saldo_Brg!D10) | I10: =IF(Saldo_Brg!E10="","",Saldo_Brg!E10)
